6360,Jordi Barela,Magdalena35@gmail.com,53,972699401,F,4939 Carmen Riera
4853,Anni Solorio,MaraJos.Limn67@hotmail.com,77,977.423.020,F,164 Casanova Puente
5308,Ana Luna,Guillermo_Bernal@hotmail.com,62,927.063.380,F,3549 Lourdes Colonia
6245,Jordi Escamilla,Carmen.Palomo6@gmail.com,27,941-849-511,M,20353 Guillermo Grupo
1855,Manuel Rodarte,Andrea.Bentez@yahoo.com,32,916 697 499,M,5155 Carrera Sector
5323,Maica Cedillo,Ignacio_Rincn65@gmail.com,64,973 563 245,F,86709 Armijo Senda
448,Sra. Ricardo Balderas,Diego.Madera@gmail.com,46,902965314,M,670 Segura Manzana
804,Matilde Quiróz,Rosa_Cant95@hotmail.com,29,954-674-793,F,03641 Olivia Ferrocarril
9986,Jordi Tovar,Vctor42@yahoo.com,38,955029292,M,285 Perales Plaza
9104,Iván Rascón,Magdalena94@gmail.com,66,917-834-856,M,239 Salcido Subida
7989,Anni Saldivar I,Clemente.Madrigal@yahoo.com,23,931 395 968,M,262 Zepeda Vía
3149,Laura Cruz,Anita_Dvila@gmail.com,69,946.145.296,M,194 Inés Lugar
9614,Marta Quiróz,Esteban.Guilln@yahoo.com,18,958-390-992,M,035 Espinal Puerta
8622,Laura Muñiz,Pablo_Lovato@gmail.com,56,938795630,M,51349 Gregorio Chalet
3209,Maica Lemus,Arturo.Pichardo@gmail.com,23,966641887,F,22173 Delrío Arroyo
3999,Josep Robles,Bernardo.Grijalva67@gmail.com,22,903-009-020,F,512 Paz Salida
1091,Sr. Iván Mayorga,AnaMara.Fonseca17@yahoo.com,28,992 386 089,M,2714 Villaseñor Entrada
5317,Ricardo Zapata,Rodrigo11@gmail.com,20,910-947-069,F,205 Maricarmen Partida
2069,Andrea Gamboa,Berta.Flores@gmail.com,45,902.924.620,F,5778 Hernández Partida
8106,Matilde Valles DDS,Yolanda.Flrez@yahoo.com,59,955579259,F,41981 Méndez Barrio
9350,Jorge Nazario,Armando67@yahoo.com,20,957.988.775,M,5983 Gálvez Monte
6412,Miguel Páez,Pablo74@yahoo.com,27,951 126 841,F,13299 Leonor Masía
9688,Roser Ayala,Guillermo27@hotmail.com,67,977504086,F,870 Zepeda Glorieta
4199,Manuel Briseño,MaraCristina_Montenegro@hotmail.com,75,905694754,F,06876 Salas Carretera
7829,Anni Torres,Ernesto.Trejo58@yahoo.com,51,940-940-314,M,9744 Juana Colonia
4254,Lorena Gaytán,Alejandra47@hotmail.com,39,927.245.733,F,20006 Preciado Carretera
1603,Salvador Riojas,Jorge_Granado7@gmail.com,56,943 560 197,F,80002 Navarrete Municipio
9678,Manuel Montenegro,Joaqun68@hotmail.com,72,923-223-010,F,9953 Zambrano Prolongación
6774,Anni Barajas,Soledad74@hotmail.com,27,990-737-251,F,97733 Lucas Conjunto
4245,Ana Narváez,Guillermina45@gmail.com,35,960.914.129,M,51787 Atencio Barrio
7188,Matilde Alejandro IV,Isabela.Heredia10@gmail.com,33,962340959,M,145 Escalante Conjunto
6122,Iván Manzanares,Martn33@gmail.com,58,951-498-835,M,4797 Robledo Torrente
5049,Josep Arevalo,Clara.Porras20@hotmail.com,55,900-887-179,F,348 María José Sector
1183,Laura Pabón,Vctor_Monroy@hotmail.com,18,914-424-588,F,96389 Haro Solar
6712,Pedro Rincón,Carlos_deAnda@hotmail.com,69,903-777-827,M,4349 Espinosa Barranco
4520,Laura Rosas,Carla79@hotmail.com,22,926 376 419,F,9855 Loera Riera
1370,Josep Velázquez,Pablo72@hotmail.com,78,994-836-953,F,682 Cazares Calle
7428,Laura Tórrez,Beatriz_Menndez@yahoo.com,19,990 295 990,F,541 Teodoro Plaza
676,Lorena Zambrano,AnaMara.Esquibel@hotmail.com,69,977.791.041,F,319 Jacobo Muelle
9351,Carles Cuellar,Guadalupe_Madera61@hotmail.com,49,977.087.153,F,3395 Barbara Arrabal
2608,Anni Flores,Luisa_Gurule@gmail.com,27,962.344.842,M,098 Benjamín Monte
7184,Jorge López,Amalia.Aguayo@hotmail.com,60,905 065 266,F,46310 Garrido Entrada
7659,Salvador Villanueva,Mariana_Saldivar@yahoo.com,57,942297714,F,0840 Olivárez Avenida
1083,Daniel Nájera,Cristbal79@yahoo.com,18,912.904.642,M,226 Orellana Arrabal
5132,Josep Valladares,Gloria.Lugo71@gmail.com,34,937.709.944,F,58781 Zayas Explanada
8074,Manuel Heredia,Benito22@yahoo.com,31,996-204-170,F,50502 Fajardo Mercado
9501,Sr. Roser Abrego,Elsa_Ramrez@hotmail.com,30,936-987-437,M,324 Vaca Torrente
4208,Sr. Manuel Madrigal,Ignacio_Rivas67@hotmail.com,59,910 227 135,F,382 Jiménez Torrente
1526,Ángel Loya,scar40@hotmail.com,18,925 048 579,F,499 Alicia Edificio
9908,Laura Ortega DVM,Maricarmen.Lira@gmail.com,76,937-985-095,F,291 Gilberto Partida
8529,Marta Bonilla,MaraSoledad_Salgado@hotmail.com,64,917-348-262,M,70328 Norma Parcela
9322,Pedro Pedroza,Hugo_Pichardo@yahoo.com,39,922.720.548,F,841 Portillo Colonia
1465,Ricardo Caraballo,Emilia_Caldera@hotmail.com,19,917 066 493,F,916 Inés Lugar
8434,Salvador Lomeli,Patricia10@hotmail.com,75,964.035.462,F,771 Cristina Travesía
3143,Ana Soliz,Cristbal_Cruz78@yahoo.com,38,963-572-020,M,203 Rosalia Torrente
5420,Sta. Jordi Segura,Elvira.Baca20@hotmail.com,67,995 312 172,F,6703 Olivares Prolongación
4426,Manuel Ordóñez,Lilia88@yahoo.com,74,985.785.102,M,1318 Jacobo Ronda
1884,Roser Olivárez,ngela.Aparicio59@gmail.com,64,938 434 394,F,801 Santiago Solar
6648,Laura Tafoya,Octavio.Montao@gmail.com,28,925-574-026,M,15891 Alejandro Travesía
7491,Ángel Mondragón,JulioCsar.Castellanos53@gmail.com,61,955840495,M,917 Dávila Terrenos
1951,Sra. Iván Rojo,Mariano73@hotmail.com,18,923-045-337,F,8172 Gonzalo Parcela
8798,Andrea Delarosa I,Ester.Narvez@hotmail.com,73,922530198,F,6141 Mercedes Salida
695,Ana Echevarría,Gonzalo.Esquivel@yahoo.com,50,924 004 672,F,4538 María Cristina Glorieta
8627,Daniel Palomo,Jaime_Bez@hotmail.com,70,978-244-887,M,434 Alicea Arroyo
3105,Carles Valles Sr.,Mario_Ozuna@yahoo.com,35,900115722,M,75014 Lorenzo Aldea
5642,Sta. Miguel Barrera,Rosa.Gonzlez@gmail.com,31,971 039 823,F,404 Gustavo Calle
7205,Ricardo Espino,Marcos_Villa43@gmail.com,58,970690762,M,04158 Elvira Camino
1632,Josep Palomino,JosLuis_Rascn62@yahoo.com,44,923-382-665,M,97291 Mota Calleja
4781,Manuel Zúñiga,Barbara.Carranza@yahoo.com,67,921 406 040,F,9219 Lourdes Rincón
4282,Miguel Monroy,Emilio70@gmail.com,66,929-440-790,F,3322 Regalado Puerta
725,Maica Enríquez,Irene_Canales@hotmail.com,61,930593433,F,2112 Álvarez Urbanización
1126,Pedro Benítez PhD,Teodoro.Montz41@gmail.com,71,926 079 223,F,1361 José María Edificio
1084,Carles Rodarte II,Carolina_Ybarra92@yahoo.com,34,959 419 935,F,51871 Pineda Vía Pública
6125,Ana Bravo,Ricardo14@hotmail.com,80,946-420-790,M,5841 Catalina Conjunto
2480,Sta. Pedro Gámez,Dbora4@gmail.com,19,952 268 967,M,84837 Macías Mercado
6758,Ana Solano Sr.,Jess_Granado@gmail.com,56,906-235-012,M,20225 Cristián Entrada
7663,Jorge Menchaca,Claudio.Beltrn9@hotmail.com,57,973-158-867,F,7129 Marrero Conjunto
3032,Anni Farías,Patricia.Leiva@yahoo.com,44,988.476.828,F,24992 Menchaca Plaza
7548,Maica Razo,Dolores_Gallardo@gmail.com,39,979.133.896,M,0928 Blanca Poblado
8295,Anni Madera Sr.,Olivia28@hotmail.com,64,950 482 636,M,493 David Calle
8779,Miguel Hernández,Ernesto26@hotmail.com,31,988 900 759,M,8733 Brito Chalet
7480,Laura Carvajal,Barbara92@hotmail.com,66,964-683-591,F,68340 Montoya Municipio
9766,Jennifer Verduzco,Micaela.Haro97@gmail.com,18,937-475-032,F,5559 Nicolás Calleja
1286,Lorena Mateo V,Guadalupe47@yahoo.com,68,961 116 269,F,96788 Vicente Arroyo
5339,Lorena Salgado,Gregorio74@gmail.com,66,983-791-260,M,29008 Luisa Rincón
2200,Andrea Alcaraz,Isabel.Lucio29@gmail.com,52,901 114 364,F,7775 Mora Puente
9023,Carles Castellanos,JosEmilio.Contreras@yahoo.com,73,918.039.501,F,7042 Rubio Carretera
3972,Laura Montañez,Adn_Luevano@yahoo.com,21,963589445,F,5199 Ramón Monte
9810,Miguel Avilés,Vernica_Flores@yahoo.com,51,966162910,F,25846 Herrera Edificio
9597,Salvador Granado PhD,Octavio_Fras@hotmail.com,26,970 086 932,F,3428 María Eugenia Puente
5487,Iván Quesada,Claudia_Bravo@yahoo.com,22,901 785 157,M,5046 Pedraza Plaza
4445,Lorena Tejada,Roberto_Alanz53@yahoo.com,55,980467063,M,951 Pedro Poblado
5299,Anni Galarza,Diego61@gmail.com,33,903480670,M,288 José Emilio Camino
9547,Jennifer Feliciano,Emilio.Figueroa78@gmail.com,62,995-266-848,M,79099 José María Solar
3964,Ángel Elizondo,Julio_Mrquez@yahoo.com,44,916-904-253,M,1284 Barraza Edificio
1472,Manuel Alejandro,Gabriel_Camacho@yahoo.com,77,957 674 628,M,34954 Anaya Gran Subida
5826,Josep Morales,Florencia.Negrete@hotmail.com,79,959-957-130,M,0507 Arredondo Caserio
3072,Jorge Castillo,Mara.Cervantes34@yahoo.com,59,928.306.077,M,0442 Alejandro Riera
2613,Carles Barraza,Rebeca27@yahoo.com,70,918-288-040,M,271 Tamayo Municipio
3196,Josep Caballero,Santiago_Gallardo94@yahoo.com,72,953312130,F,14610 Montañez Huerta
8514,Sr. Pedro Treviño,Laura.Valdivia76@yahoo.com,41,929237497,M,867 Berta Arroyo
3715,Ricardo Pantoja,Benito_Roybal29@hotmail.com,41,966 289 469,M,1577 Marcela Vía
1070,Roser Zarate,Luz.Pelayo@yahoo.com,18,901 769 110,F,4210 Zamora Extramuros
4774,Jordi Casanova,Mnica85@gmail.com,52,922712580,M,970 Toledo Barranco
1089,Roser Verduzco,Marta64@gmail.com,39,960-343-237,F,0484 Homero Entrada
5562,Josep Amaya,Carlos.Barragn31@gmail.com,34,979-515-129,F,2986 Delvalle Sección
2448,Laura Palomo,Patricio.Valadez85@yahoo.com,73,954-466-336,M,36174 Velásquez Rua
1738,Salvador Frías Sr.,Ernesto.Vzquez61@gmail.com,28,947.510.834,M,30450 Meza Apartamento
2511,Jordi Zelaya,Horacio.Caldern28@hotmail.com,77,998978501,M,4239 Griego Lado
6883,Iván Tórrez,LuisMiguel.Figueroa65@gmail.com,56,997291471,M,340 Tamayo Subida
8551,Maica Soto,Amalia_Vaca73@gmail.com,50,904.562.398,F,133 Joaquín Glorieta
4924,Maica Bahena,Carmen_Montes83@hotmail.com,68,982-979-264,F,6411 Ornelas Riera
9713,Laura Soto,Arturo.Leal87@gmail.com,23,930-086-763,M,835 Montemayor Apartamento
7421,Laura Rodarte,Martn84@hotmail.com,72,988477104,M,03799 Banda Arrabal
6666,Laura Calvillo,Alicia_Partida@gmail.com,36,969.754.768,F,6030 Micaela Bloque
6041,Jorge Urbina,Soledad_Acevedo77@yahoo.com,58,912573564,M,0819 Candelaria Partida
3856,Manuel Montoya,Miguelngel72@yahoo.com,18,986654415,M,562 Escalante Extrarradio
6825,Lorena Ramos,Gerardo72@gmail.com,28,982645384,M,77504 Lerma Riera
2344,Roser Cervántez,Antonio28@yahoo.com,59,945.053.469,F,21676 Perales Chalet
8138,Daniel Carvajal,Dbora_Nez63@gmail.com,29,921.107.298,M,0372 Esparza Ronda
2659,Roser Rubio,Agustn_Montz@yahoo.com,39,920-485-307,F,232 Tijerina Explanada
774,Anni Calderón,Natalia.Esquibel19@yahoo.com,44,935.867.942,F,90586 Salvador Apartamento
5464,Maica Santillán,Reina.Palomino85@yahoo.com,19,948.810.995,F,2383 Farías Rampa
3294,Iván Mejía,Sonia_Delafuente@yahoo.com,18,976.626.880,F,5878 Paredes Monte
6222,Iván Ríos,Ins32@hotmail.com,60,933 469 833,M,166 Vega Rambla
90,Roser Razo,MaraJos_Girn@gmail.com,26,967.185.184,F,9258 Rubén Riera
2227,Ana Arriaga IV,Guillermina_Terrazas@yahoo.com,62,916255987,F,641 Fernando Carretera
9764,Carles Vega,Luca.Bustamante@hotmail.com,27,963800336,F,63637 Alfonso Rambla
1304,Sta. Anni Flórez,Sofa81@hotmail.com,56,995391886,F,61870 Soledad Puerta
6904,Carles Ceja,Alfredo.Medina@hotmail.com,35,914 701 399,F,15416 Mendoza Muelle
5928,Josep Ojeda,Mercedes_Segura9@gmail.com,43,967.598.955,M,854 Gerardo Parque
7729,Josep Abrego,Maril55@yahoo.com,67,923 541 001,M,98487 Jiménez Cuesta
3512,Roser Rael,Magdalena46@yahoo.com,71,942 067 480,F,340 Alcaraz Lugar
8760,Miguel Bonilla,JosMara64@yahoo.com,78,988-693-923,M,541 Marcos Rincón
1584,Josep Aponte,Conchita98@yahoo.com,79,990.711.168,M,625 Teresa Ronda
7972,Rubén Valdivia,Gregorio.Ziga26@gmail.com,69,916 104 207,M,8261 Santiago Partida
8659,Laura Rendón PhD,Rafael.Aranda@yahoo.com,44,990.867.505,M,4331 Cristóbal Lado
3501,Manuel Serrato,JosLuis93@gmail.com,48,919734323,M,9568 Llamas Riera
431,Marta Rodarte DDS,MaraTeresa83@hotmail.com,46,967-965-325,M,0399 Alejandra Monte
5785,Sr. Maica Carvajal,LuisMiguel.Puente@gmail.com,25,967174231,F,421 Duarte Escalinata
7057,Marta Robledo DDS,Andrea.Morales12@yahoo.com,59,912303857,F,3745 Patricio Muelle
6228,Jordi Gálvez,Natalia74@gmail.com,72,906-426-649,F,0719 Emilia Vía
4591,Laura Rivero Sr.,Irene_Carrillo@hotmail.com,30,928-387-268,F,394 Leticia Cuesta
3134,Miguel Escobedo Jr.,Adela.Pia36@hotmail.com,60,921692692,M,5263 Martínez Partida
1960,Salvador Gastélum,Gabriela_Jaramillo64@yahoo.com,29,986 122 552,F,1969 Susana Calle
2334,Andrea Segovia,Magdalena58@gmail.com,69,943 992 277,F,920 Serrato Calle
2201,Andrea Espino,Berta_Carrasquillo@hotmail.com,60,915.596.663,F,85548 Ignacio Ferrocarril
5777,Sra. Matilde Cornejo,Esperanza_Tirado@yahoo.com,76,964365223,M,5381 Viera Colegio
3801,Sta. Josep Paredes,Mariana1@hotmail.com,27,918.969.359,M,3424 Gilberto Gran Subida
9881,Josep Contreras,David59@yahoo.com,76,922 083 343,M,482 Andrés Partida
299,Roser Alanis,Ral_Barajas@gmail.com,68,938717459,F,9385 Domínguez Rincón
2912,Anni Rodríguez,JulioCsar.Ocasio@yahoo.com,43,999-895-911,F,20918 Emilio Torrente
5374,Sra. Ana Galindo,Benito_Casas@gmail.com,77,999-772-137,M,9847 Cecilia Prolongación
2387,Jorge Espino,Mara.Aguilar93@yahoo.com,57,916.466.028,F,41928 Martín Torrente
2,Sra. Anni Ruelas,Lorena_Valds@gmail.com,67,987-842-494,M,137 Blanca Barrio
6023,Salvador Sosa,Barbara.Lomeli32@gmail.com,64,924.647.758,M,16056 Leal Rua
2527,Ana Ibarra,Carla_Matas@yahoo.com,33,961-149-887,M,4767 Duarte Masía
8961,Pedro Sisneros,Andrs0@gmail.com,53,937123666,M,010 Vigil Paseo
9142,Jennifer Ordóñez Jr.,Gabriela_Cadena@yahoo.com,80,955-593-712,F,48106 Roldán Arrabal
9720,Ángel Ornelas,Jaime.Olivrez@hotmail.com,47,972-073-046,M,574 Lucio Travesía
190,Ricardo Moreno,Salvador_Patio@gmail.com,37,915-088-350,F,24029 Alfonso Camino
1869,Iván Noriega,Carlos.Meraz61@hotmail.com,27,909 506 489,F,64986 Reynoso Riera
834,Marta Palomo,Olivia.Castro@hotmail.com,46,977.126.507,M,00760 Robles Caserio
3217,Jennifer Villa,Vicente.Chapa@hotmail.com,36,924.107.624,F,910 Palomino Sector
1886,Josep Escamilla,JuanCarlos_Saucedo@hotmail.com,61,933.302.501,M,434 Eva Entrada
9682,Laura Corral,Octavio13@gmail.com,52,942 993 771,M,85620 Casas Salida
6042,Sta. Jennifer Arce,Lola_Palomino48@yahoo.com,36,979-890-869,F,95936 David Arroyo
1561,Matilde Ozuna,Conchita_Jimnez44@hotmail.com,19,903-138-878,M,024 Delagarza Partida
8018,Ángel Bonilla,Nicols_Cabn13@yahoo.com,22,970673949,M,84884 Fuentes Rambla
7604,Sr. Laura Rivas,LuisMiguel.Zarate28@hotmail.com,75,922-904-506,M,4612 Mario Mercado
8392,Matilde Gaona,Arturo53@gmail.com,53,982.838.926,M,947 Carlos Huerta
5523,Sergi Bernal,Hernn.Rivero@hotmail.com,35,968367778,M,07067 Amalia Plaza
3089,Daniel Fajardo,Toms59@hotmail.com,66,978 186 366,M,85414 María Soledad Carretera
673,Jennifer Méndez,Arturo86@hotmail.com,18,991 751 805,F,05427 Puente Explanada
6336,Pedro Riojas,Daniel.Zamudio53@yahoo.com,34,989.118.079,M,330 Montaño Escalinata
3063,Pedro Merino III,Gloria.Crespo47@gmail.com,67,962-632-592,F,85649 Rebeca Parcela
3566,Laura Guerrero,Alfonso53@yahoo.com,57,995179241,M,67957 Sepúlveda Lado
9363,Andrea Bermúdez,Lola67@hotmail.com,75,949.800.121,F,0324 Ernesto Urbanización
1901,Ángel Montaño IV,Patricia.Huerta24@yahoo.com,56,993485606,M,19151 Verónica Glorieta
9604,Andrea Camarillo,Antonia57@gmail.com,39,987-131-863,F,143 Elvira Rambla
3926,Manuel Pineda,Mariana92@hotmail.com,69,982-916-982,M,43823 Barrientos Glorieta
8301,Laura Ríos,Felipe.Marrero63@gmail.com,44,906.045.296,M,9279 Mercedes Jardines
6418,Ángel Polanco,Francisca44@gmail.com,43,945.977.526,F,685 Verónica Lado
8423,Sr. Pedro Coronado,Guillermina7@yahoo.com,41,928 759 288,M,21040 Marilú Muelle
4692,Pedro Pelayo,Ricardo.Daz86@gmail.com,59,911 446 700,F,86006 Clara Aldea
7807,Lorena Escobar,Irene_Guerrero98@yahoo.com,34,952 483 579,F,153 Olivárez Masía
4958,Matilde Caballero,Luisa32@gmail.com,28,904919721,F,5986 Arenas Muelle
5660,Ana Ríos,Luis_Riojas@gmail.com,49,955 615 488,F,7323 Sofía Rambla
2947,Marta Moreno,Hugo7@hotmail.com,32,906195155,M,05806 Paredes Torrente
126,Ricardo Corrales IV,Hugo81@hotmail.com,33,995-085-982,M,1767 Padilla Parcela
5970,Laura Porras,MaraSoledad12@yahoo.com,61,939372499,M,3702 María José Colonia
4035,Ana Vallejo,Miguelngel_Saldaa74@gmail.com,46,931.943.169,F,50605 Macías Salida
8535,Laura Santana,Carmen.Samaniego51@yahoo.com,41,991052366,F,3319 Cristina Solar
538,Laura Alfaro,Jaime.Vallejo33@gmail.com,71,920.321.734,F,243 Concepción Escalinata
1751,Maica Arreola,Graciela3@gmail.com,70,902035973,F,83023 Moya Caserio
2310,Jennifer Rico,Adela.Segura40@yahoo.com,49,967425336,M,46349 Enrique Poblado
1150,Ricardo Suárez,Armando_Collazo@hotmail.com,27,917 548 052,F,355 Ríos Avenida
129,Josep Sarabia,Bernardo_Armenta83@yahoo.com,78,973.470.409,M,28438 Rascón Bajada
1824,Sra. Lorena Rosario,MaraEugenia_Casanova37@hotmail.com,23,915-055-430,M,77812 Jurado Riera
1337,Anni Armijo,Miguel_Gmez29@gmail.com,57,955-982-929,F,5608 Escalante Senda
6746,Anni Galarza,Mnica82@hotmail.com,58,908-396-271,M,03291 Rolón Gran Subida
575,Laura Zúñiga,Maril_Santiago76@hotmail.com,76,926 520 200,F,9651 Jiménez Pasaje
1337,Pedro Cordero,Mayte.Benavdez@hotmail.com,23,902 306 031,M,49712 Cristián Torrente
3378,Ana Cuellar,Sofa_Olmos28@hotmail.com,49,989992263,F,57840 Lucio Calle
7132,Ricardo Jaime III,Francisco47@gmail.com,74,942.868.593,M,75083 Valdivia Prolongación
5510,Josep Miramontes,Miguelngel.Nava@hotmail.com,74,968.797.043,M,6601 Vicente Colonia
5895,Sta. Roser Álvarez,Rebeca2@yahoo.com,21,901-154-617,M,6081 Carlos Calleja
3899,Roser Flores,Guadalupe_Orozco@gmail.com,31,921 478 444,F,83028 Alaníz Bloque
1431,Jordi Delapaz,Gregorio_Burgos@yahoo.com,42,999592190,F,23089 Débora Bloque
8301,Josep Escamilla,Benito49@yahoo.com,50,941 772 805,M,92917 Armando Calleja
5848,Ana Farías,Gabriela_Vzquez56@gmail.com,68,984-142-057,M,05789 Anita Grupo
4433,Lorena Bravo,Alejandra_Palomo13@gmail.com,52,990.777.914,M,2885 Rosa Bajada
8029,Ángel Aragón,Sonia_Zamora63@hotmail.com,67,995989021,F,1343 Ontiveros Bajada
4648,Sr. Laura Aragón,Manuel.Delapaz@gmail.com,36,952 850 326,F,0517 Amalia Travesía
6467,Maica Cepeda,Hugo_Leyva@yahoo.com,52,920.514.169,F,42252 Fuentes Vía
1819,Sra. Manuel Rolón,Elvira.Hinojosa@hotmail.com,78,956 628 952,M,2311 Daniel Rua
8137,Maica Arredondo,Amalia_Villanueva22@gmail.com,19,949.196.042,F,866 Carmen Extrarradio
3196,Josep Rosado,Victoria.Cant@yahoo.com,18,912-877-429,F,80174 Preciado Aldea
9909,Marta Roybal,Eduardo_Lomeli11@yahoo.com,26,932-894-033,F,293 Quintana Pasaje
8110,Josep Arevalo,Clara.Meza40@gmail.com,71,953-728-410,M,52418 Gerardo Edificio
7873,Jordi Matías,Guillermo.Matos@yahoo.com,76,951336779,F,542 Montalvo Plaza
6011,Sergi Sánchez,Sergio_Montes37@hotmail.com,34,991802680,M,06441 Armando Avenida
470,Josep Lucio,AnaLuisa94@hotmail.com,44,920997550,F,560 Delgadillo Explanada
7989,Josep Valencia,Hernn.deAnda@hotmail.com,49,911 077 002,F,803 Gaona Calleja
2365,Jennifer Ceja,MaraJos58@yahoo.com,67,923387132,M,52679 Ceballos Solar
6765,Sergi Heredia,Alberto47@hotmail.com,27,994-503-977,F,302 Teodoro Caserio
2936,Daniel Palomo,Gerardo.Elizondo26@gmail.com,67,997.348.857,M,828 Eloisa Bloque
5737,Matilde Urrutia,Laura.Casarez@gmail.com,48,911.845.567,F,9501 Valdivia Parcela
2789,Miguel Avilés,Carla.Prez9@gmail.com,37,919479972,F,82171 Benítez Polígono
1184,Laura Fonseca,Barbara.Chapa86@gmail.com,65,984.518.115,F,94587 Marilú Poblado
8067,Carles Borrego,Gabriel.Mayorga@gmail.com,34,959281890,M,345 Elsa Poblado
9933,Josep Madrigal,Ariadna60@yahoo.com,47,953.789.859,F,91459 Rojo Parcela
1939,Matilde Soliz,Santiago66@yahoo.com,50,993 094 728,F,74869 Barbara Salida
9167,Ángel Tejada,Fernando79@hotmail.com,23,900-237-115,F,49667 Alfonso Carretera
1988,Maica Malave,Ana.Ybarra30@gmail.com,71,990 992 478,M,211 Archuleta Mercado
8696,Miguel Montéz III,Ester.Alonso2@yahoo.com,63,992 540 037,F,387 Lorenzo Parcela
7135,Andrea Toro,Isabela86@gmail.com,50,967 854 043,M,82305 Adela Ferrocarril
5508,Jennifer Pagan,Hugo9@hotmail.com,67,960319103,F,82443 Agustín Chalet
3972,Matilde Estévez,Amalia_Llamas@yahoo.com,80,937 292 452,M,36915 María Parcela
9686,Pedro Quintero DVM,Ana.Estvez28@hotmail.com,23,937.622.448,M,21611 Lorena Ramal
3078,Andrea Ojeda,Joaqun.Solorio@gmail.com,37,962 887 801,M,42400 Verónica Vía Pública
943,Salvador Soliz IV,Eloisa77@yahoo.com,32,976 421 723,F,85534 José Luis Pasaje
2344,Pedro Castañeda,Nicols_Solorzano91@yahoo.com,21,974-250-339,F,64240 Alonzo Apartamento
8789,Manuel Enríquez Sr.,Luis_Alanis86@gmail.com,26,914.949.179,M,51054 Rosa Subida
922,Anni Calvillo,Graciela.Rosado@yahoo.com,60,933 375 825,F,7559 Mario Sección
7566,Lorena Solano,Elisa.Jasso23@yahoo.com,74,933311714,F,660 Sergio Arroyo
5571,Rubén Serrato,Andrs.Tamez12@hotmail.com,34,958650497,M,228 Rascón Mercado
5916,Ángel Leyva,Lucas9@gmail.com,73,920-253-545,M,269 García Poblado
6601,Andrea Ferrer II,Mariana72@yahoo.com,79,910 475 374,F,2569 Virginia Bajada
3973,Jennifer Farías,Dorotea.Rodarte@yahoo.com,63,978.565.189,F,2816 Villarreal Vía Pública
7394,Lorena Ponce,Emilio.Quintanilla@gmail.com,34,926.935.256,F,85522 Zambrano Carretera
1406,Josep Puga Sr.,Joaqun_Prez89@gmail.com,66,956 777 079,F,269 Guadalupe Solar
2534,Manuel Partida,Carmen.Loya@hotmail.com,51,908 704 513,M,431 Isabela Lugar
4257,Laura Vaca,Hernn.Terrazas78@yahoo.com,21,959-028-263,F,839 José Plaza
2128,Ana Santiago,Leticia_Nieves@yahoo.com,52,974 652 039,F,864 Peña Huerta
210,Manuel Sandoval,Ignacio_Pea87@yahoo.com,38,928027030,F,6423 Abrego Glorieta
355,Manuel Ureña,MaraCristina_Alemn@gmail.com,32,984.607.505,M,4991 María Bajada
42,Laura Robles V,Estela63@yahoo.com,32,997-485-895,F,30173 Marta Vía Pública
8582,Josep Vanegas,Felipe65@hotmail.com,27,915219209,M,935 Betancourt Grupo
5174,Andrea Solorzano,Roco95@yahoo.com,71,906 219 048,M,4031 Emilia Pasaje
2777,Sta. Salvador Mascareñas,Alfonso.Lugo@hotmail.com,37,915 950 494,M,00899 Longoria Camino
9513,Anni Piña,Mario66@gmail.com,42,900.425.362,M,97460 Adán Extrarradio
4144,Lorena Botello,Rosa_Mndez@gmail.com,29,901 905 199,M,5181 José Eduardo Torrente
3564,Ana Gurule,Ricardo.Lara@gmail.com,53,916452075,F,31777 Ana Subida
340,Maica Robledo,Leticia73@gmail.com,40,975550771,F,96565 Herrera Cuesta
1163,Sergi Zapata,Csar.Montenegro32@yahoo.com,63,977.766.707,M,3435 Heredia Grupo
2126,Roser Velásquez,Eloisa48@gmail.com,62,939-758-369,F,62723 Carbajal Escalinata
8562,Pedro Dueñas,MaradelCarmen98@yahoo.com,54,900552752,M,83917 Leticia Jardines
4238,Lorena Colón III,Maril20@yahoo.com,26,959934622,F,99717 Ana María Solar
4735,Marta Moreno,Dolores.Vergara78@hotmail.com,65,915 969 354,F,5896 Andrea Solar
6996,Ana Moya,Sara.Ulibarri@yahoo.com,69,999-834-570,F,89567 Zamora Chalet
2785,Lorena Jaimes,Graciela61@yahoo.com,60,980206189,F,32632 Contreras Mercado
2539,Anni Baca,Esteban41@gmail.com,41,961.521.810,M,7376 Mota Mercado
1077,Maica Madrigal,Lucas.Adorno65@yahoo.com,51,953186937,F,717 Victoria Solar
608,Laura Avilés Sr.,David.Casarez22@hotmail.com,20,934.442.951,F,9629 Coronado Extrarradio
971,Daniel Prado,Silvia_Soto57@hotmail.com,42,927 574 758,F,28737 Terrazas Aldea
4513,Pedro Armijo,Josefina54@hotmail.com,69,929992421,F,360 José María Chalet
7692,Sra. Ángel Vaca,Gonzalo_Aragn66@gmail.com,51,992.109.714,M,4115 Segura Carretera
8701,Roser Páez,Rebeca_Orozco@yahoo.com,31,991764041,M,213 Chávez Chalet
8308,Anni Aguirre,Beatriz_Almonte@gmail.com,61,965-189-221,F,012 Esquibel Masía
8578,Jennifer Tamayo,MaraLuisa.Martnez@hotmail.com,23,960-082-937,F,616 Luis Sector
1745,Marta Arias,Rodrigo_Pabn@hotmail.com,68,940937117,F,5410 Alemán Camino
4377,Jorge Trejo,Mercedes_Pabn33@yahoo.com,25,967.528.481,F,61986 Castillo Ronda
8415,Pedro Prieto,Lorenzo89@hotmail.com,27,950 666 594,F,540 Vaca Rincón
8535,Andrea Perea,JosEmilio66@yahoo.com,21,921.763.402,F,55410 Natalia Chalet
5265,Lorena Regalado,ngela73@hotmail.com,79,990 304 658,M,9036 Arreola Salida
5131,Roser Alanis,Jess35@gmail.com,78,950-547-151,M,1671 Alicia Bajada
6603,Laura Olvera,Amalia37@gmail.com,79,938639136,F,97754 Reina Parcela
5898,Josep Altamirano,Bernardo_Alba@yahoo.com,62,985-642-653,M,75897 Gil Mercado
9077,Sr. Jordi de Jesús,Antonio.Ramos@yahoo.com,27,995899889,F,37172 Beatriz Aldea
405,Jordi Tamez,Hernn61@hotmail.com,23,955-761-789,F,36395 Leonor Parcela
8856,Jennifer Delao,Alicia.Garay@gmail.com,43,912966964,F,6455 Teresa Jardines
2387,Andrea Zamudio,Timoteo96@hotmail.com,59,942 939 464,M,3852 Andrea Subida
9879,Jorge Molina,Emilia.Uras50@hotmail.com,29,991.721.223,M,77432 Casas Rampa
6190,Roser Gastélum,Francisco93@yahoo.com,33,982.455.560,M,19068 Luevano Municipio
2018,Miguel Borrego,Ramn_Balderas@yahoo.com,76,905 091 958,F,33765 Escalante Rambla
9263,Carles Prieto,Carmen.Durn@gmail.com,29,969.064.809,F,65284 Carrasco Bloque
9970,Rubén Posada,Elena_Agosto@gmail.com,23,915 772 725,F,58209 Tomás Salida
4217,Maica Quintero,Alicia63@gmail.com,42,908 879 577,M,43555 Norma Quinta
9760,Anni Quiñones,Carlos_Vaca@yahoo.com,73,921-220-658,F,267 Lourdes Partida
7015,Sra. Maica Lebrón,Alejandro.Galindo32@yahoo.com,20,978.459.897,M,87859 Agustín Pasaje
8793,Maica Aguirre,Samuel71@hotmail.com,61,973.874.166,M,160 María Eugenia Bajada
4522,Laura Maya,Adn_Santiago86@yahoo.com,56,913716350,F,725 Alberto Subida
6592,Sta. Carles Cervántez,Ramn57@yahoo.com,63,964-072-943,F,239 Teodoro Lado
8495,Sra. Jorge Negrón,Julia_Jaramillo@gmail.com,42,962.268.368,M,782 Botello Rua
1949,Marta Tórrez II,Marcos30@yahoo.com,20,927 055 841,M,031 Daniel Sección
6992,Ricardo Ferrer MD,Emilia27@yahoo.com,80,938-616-408,F,186 Suárez Avenida
3980,Jorge Morales,Roco_Ojeda1@hotmail.com,45,934.050.085,F,904 León Partida
2697,Manuel Aponte,Santiago.Campos@yahoo.com,18,992-579-567,M,55442 Armando Carretera
1296,Laura Rivero,Mercedes_Tijerina@hotmail.com,80,994 860 486,M,8426 Cristián Plaza
6302,Sra. Laura Ortiz,Anita_Guerrero75@gmail.com,49,994267221,F,2707 Margarita Arroyo
7680,Daniel Anguiano,MaraLuisa.Macas2@hotmail.com,62,958 545 250,F,49105 Alemán Rambla
6893,Ángel Almaráz,Elsa.Apodaca98@hotmail.com,48,938-223-712,F,495 Pantoja Barranco
7152,Sra. Laura Leal,Conchita54@gmail.com,56,931-727-797,F,401 Barajas Prolongación
346,Ana Mora,Cristbal85@hotmail.com,31,938 074 709,F,234 Sierra Caserio
3278,Ángel Romero,JosLuis_Zayas21@hotmail.com,69,997.076.943,F,0867 Casas Caserio
4284,Miguel Ybarra,Antonia_Fonseca89@hotmail.com,29,922.769.389,M,929 Burgos Chalet
9796,Sta. Maica Meza,JosEmilio.Bueno50@yahoo.com,58,992 991 903,F,9946 Jaramillo Lugar
8301,Sta. Salvador Ulloa,Margarita.Lpez@yahoo.com,63,995100071,M,500 Sara Parque
9610,Ana Corona,Enrique_Armas79@gmail.com,28,942 796 213,F,485 Rentería Mercado
8813,Anni Becerra,Isabela.Ulloa@gmail.com,27,908-065-391,M,906 Juana Huerta
5154,Manuel Aponte,Nicols_Alba1@gmail.com,41,963 149 293,F,025 Óscar Chalet
2233,Roser Balderas,Alicia_Castaeda@gmail.com,76,908.662.931,F,715 Salvador Caserio
8392,Miguel Bonilla,MaraElena96@yahoo.com,37,955.955.977,F,974 César Lado
3362,Maica Medina,Diego.Caldern77@hotmail.com,44,945.883.714,F,28822 Estela Cuesta
1011,Roser Carbajal,Sergio57@yahoo.com,47,924142157,M,0418 Navarrete Arroyo
4993,Marta Santiago,Sergio28@yahoo.com,80,928.629.334,F,903 Galván Cuesta
8733,Matilde Espino,Mariano53@hotmail.com,80,929.696.345,M,259 Paz Escalinata
3013,Ángel Segovia,Armando_Gamboa@yahoo.com,48,920.048.514,M,53212 Santiago Carretera
1564,Jordi Garay,Virginia_Zelaya46@hotmail.com,58,989.662.469,M,87171 Rosario Travesía
2436,Josep Noriega,Patricia86@gmail.com,72,927.509.428,M,08318 Sánchez Calle
5634,Sta. Jorge Quezada,Carla9@hotmail.com,72,910.359.501,M,04862 Sofía Vía Pública
9030,Iván Rascón,Rosa17@gmail.com,39,992436056,M,9670 Soliz Caserio
3727,Laura Cortéz,Jorge_Quintero@hotmail.com,69,958 475 598,F,90676 Pacheco Puente
9988,Andrea Terán,Mercedes.Haro@yahoo.com,66,925.954.394,M,069 Daniela Colonia
2764,Carles de Jesús,Homero_Ortiz@yahoo.com,70,939110599,M,7357 Solano Terrenos
3694,Matilde Tejeda,Cristin37@hotmail.com,75,958.153.024,M,99638 María Elena Edificio
658,Marta Urías IV,Mario_Esquivel@gmail.com,38,959-064-791,F,490 Rebeca Subida
5889,Laura Pabón,MaraJos_Mateo19@yahoo.com,75,949.789.592,M,261 Valentín Terrenos
5008,Jennifer Moreno,Emilia87@gmail.com,77,999720632,M,4205 Ana Luisa Camino
9829,Iván Urbina,Carolina_Amaya@hotmail.com,49,993.387.915,M,3168 Girón Torrente
7341,Jennifer Tórrez,Daniel_Granados@yahoo.com,48,939 175 847,F,3795 Armendáriz Parque
9326,Josep Blanco,David6@yahoo.com,74,954.901.266,F,36460 Olvera Mercado
4994,Jennifer Centeno,Gregorio_Ferrer@hotmail.com,77,991-176-431,M,912 Vega Grupo
7178,Sergi Garrido,Luca_Quezada@gmail.com,71,955.992.757,F,4938 Pagan Muelle
1118,Roser Macías,Gerardo_Becerra31@hotmail.com,23,996705181,M,457 Julia Calleja
6482,Pedro Reséndez,Arturo.Haro6@gmail.com,70,939.337.054,F,623 Andrés Conjunto
4331,Maica Leal,Margarita82@gmail.com,66,997154658,F,524 Guillermo Torrente
9885,Andrea Gálvez,Lilia_Roln55@gmail.com,72,985.059.060,M,2601 Ozuna Lugar
6144,Sra. Daniel Delao,Lilia5@hotmail.com,19,991015176,M,19576 Rivas Partida
49,Josep Gálvez,Enrique.Muro57@yahoo.com,64,915-563-138,M,824 Rosalia Arrabal
9503,Josep García,Patricio.Vigil@hotmail.com,56,970-416-832,F,60005 Rafael Bloque
5125,Rubén Cerda,Julio91@yahoo.com,65,926-519-521,F,5133 Samuel Huerta
3990,Ana Garza IV,Germn80@yahoo.com,46,937-660-810,M,089 Quintanilla Rampa
1571,Sta. Salvador Ornelas,Alberto36@hotmail.com,21,942684636,F,573 Bernardo Terrenos
2234,Ricardo Chávez,Elisa41@yahoo.com,69,964288179,M,841 Claudia Calleja
8015,Andrea Ocasio,JulioCsar.Monroy84@gmail.com,66,922260891,M,302 Garay Colonia
5723,Laura Orozco,Vernica_Estrada@hotmail.com,31,999.957.537,M,7334 Bermúdez Solar
7988,Sra. Josep Argüello,Luca.Ochoa27@gmail.com,38,942812075,M,6292 Aragón Cuesta
3098,Sergi Cordero,Raquel_Menndez78@hotmail.com,51,967-120-014,M,951 Yáñez Muelle
3855,Ricardo Alonso,Daniela_Mesa4@yahoo.com,65,921660736,M,73765 Isabel Pasaje
4397,Laura Araña,MaraTeresa_Castaeda44@yahoo.com,20,927 337 173,F,5658 Antonio Caserio
161,Rubén Estévez III,Cecilia.Villarreal@yahoo.com,55,939-727-602,M,213 Caridad Gran Subida
8647,Laura Monroy,Concepcin29@hotmail.com,36,939644246,M,29090 Armijo Jardines
9638,Marta Arenas,Beatriz_Alemn@gmail.com,79,917-459-270,M,03092 Carolina Rincón
7634,Josep Nieves,Javier_Paredes26@hotmail.com,22,983.052.485,F,22987 Inés Bajada
4179,Sta. Iván Salcido,Ricardo55@yahoo.com,64,975.571.305,F,34642 Manzanares Glorieta
3638,Daniel Holguín,David.Zepeda@gmail.com,32,957.571.704,M,645 Herrera Grupo
7239,Salvador Araña,MaraCristina.Godoy41@yahoo.com,61,902-638-704,M,56811 Perales Rua
7891,Ángel Salgado,Cristbal74@yahoo.com,41,968630535,M,19891 Roque Solar
4392,Rubén Gálvez DVM,Leonor59@gmail.com,69,989.480.238,M,4295 Vicente Senda
4094,Marta Candelaria,Octavio.Rivero@hotmail.com,51,924285323,M,48905 Marisol Monte
1693,Anni Tórrez,Joaqun.Jimnez@hotmail.com,75,992-309-428,M,3476 Lola Urbanización
6762,Miguel Téllez,scar_Serna94@gmail.com,65,945 747 474,F,12520 Juan Carlos Masía
4520,Miguel Montoya,Laura38@hotmail.com,78,900.333.136,F,092 Cristina Pasaje
5219,Manuel Ruíz IV,Octavio.Castaeda11@yahoo.com,46,958977011,M,258 Estela Lado
9554,Daniel Leiva,Sancho.Partida91@yahoo.com,27,937-335-877,F,485 Concepción Riera
9427,Lorena Pulido,Ester.Cisneros@gmail.com,59,928-389-177,F,403 Silvia Camino
7231,Roser Almanza,Alfonso.Argello@gmail.com,67,970 009 505,M,3362 Espinoza Rua
1685,Sra. Lorena Báez,JorgeLuis.Gmez43@gmail.com,68,962.424.301,F,45608 Guajardo Prolongación
5439,Sra. Ana Vanegas,Pedro63@yahoo.com,66,953-524-507,M,3243 Eduardo Glorieta
6761,Laura Santiago,Silvia.Moreno@gmail.com,79,954-285-196,M,452 Barrera Calle
7293,Manuel Lebrón,Ernesto.Longoria@gmail.com,67,940709826,F,203 Ana Caserio
6412,Laura Rivas,Jacobo.Cazares65@yahoo.com,53,954418735,F,621 Rolón Camino
7745,Jordi Balderas,Bernardo96@yahoo.com,75,931.913.453,M,459 Timoteo Parcela
3425,Sta. Carles Villalpando,Horacio59@yahoo.com,53,908-463-176,M,4832 Montenegro Urbanización
2114,Ana Aranda,Sancho87@yahoo.com,62,905.313.647,F,17591 Castro Prolongación
6073,Manuel Guajardo,Juan.Arenas42@gmail.com,44,971 870 961,M,2453 Gloria Aldea
27,Maica Villegas,Juana80@yahoo.com,71,919.020.047,M,68921 Leonor Avenida
1967,Andrea Casarez,Pilar_Rosario@yahoo.com,46,993 271 475,F,534 Inés Plaza
5820,Sra. Laura Haro,Miguelngel_Godnez49@hotmail.com,74,901584897,F,61744 Marcos Caserio
8765,Iván Monroy,Magdalena.Rico@hotmail.com,53,945.557.335,F,3788 Homero Cuesta
8089,Ángel Alemán,Marisol.Mesa61@gmail.com,39,971066572,M,811 Susana Municipio
4158,Jennifer Bonilla,Elena9@yahoo.com,31,973154777,F,33806 Delatorre Manzana
6210,Manuel Hurtado,Sergio_Espinoza@gmail.com,44,999 291 074,F,064 Prieto Salida
755,Lorena Valdivia,Eduardo_Navarro@gmail.com,62,967 373 725,F,2372 Antonio Glorieta
5525,Laura Granado,Gloria.Barreto83@hotmail.com,76,965-126-905,F,543 Catalina Bajada
8413,Manuel Escobar,Rebeca75@gmail.com,71,908 149 392,F,2726 Pablo Barrio
8638,Marta Navarrete IV,Alejandra8@gmail.com,33,996.131.396,M,2649 Loya Riera
4278,Jennifer Villa,Yolanda56@yahoo.com,78,912-385-486,F,2002 Eduardo Travesía
1312,Laura Lovato,Marcos.Sisneros20@yahoo.com,27,954.057.659,F,834 María Elena Parcela
6215,Jennifer Quintanilla,Csar.Menndez45@hotmail.com,72,910-486-912,F,5693 Partida Quinta
4006,Iván Gámez,Ernesto92@yahoo.com,70,922-803-753,F,0073 Rosado Bajada
1556,Pedro Almaráz,Esteban.Solorio@gmail.com,63,910-068-652,M,94511 Rivera Aldea
3051,Marta Rosales,Lola_Gastlum61@yahoo.com,52,996535353,F,78380 María Elena Prolongación
6439,Sr. Maica Leyva,Mayte_Escamilla58@yahoo.com,24,990-399-142,F,07030 Ricardo Bloque
9790,Carles Aguayo,MaraEugenia_Pedroza55@yahoo.com,25,929-531-924,M,7139 Madrigal Lado
4904,Miguel Brito,Luis4@gmail.com,74,976653394,M,654 Graciela Partida
1767,Rubén Ortega,Dbora_Crdenas@yahoo.com,72,983-126-422,M,3993 Ester Vía
3158,Lorena Jiménez I,MaraCristina.Cardona@gmail.com,24,990270589,F,326 Felipe Mercado
5617,Josep Prieto,Luz_Barela@yahoo.com,48,945699708,F,968 Casanova Arroyo
1218,Roser Valladares,Alfredo4@yahoo.com,67,905-226-109,M,7779 Pizarro Lado
9489,Manuel Ruíz,Virginia.Guerra99@yahoo.com,26,956 632 007,M,569 Lorena Riera
2782,Laura Luna,JosEduardo59@gmail.com,75,941317550,F,1692 Macías Colegio
1237,Sergi Santiago,Marcela.Palacios35@gmail.com,38,925 141 643,M,0932 Rosalia Glorieta
5819,Lorena Galindo,Guillermo_Barraza87@gmail.com,42,976 669 378,F,70659 Irene Aldea
5643,Josep Mayorga MD,Claudio.Amaya@yahoo.com,24,903.067.533,F,761 Casarez Manzana
3229,Josep Sedillo IV,Francisca36@gmail.com,26,904.161.412,F,68577 Carolina Avenida
7495,Laura Amaya,Cristbal.Carrero87@hotmail.com,56,965-693-330,F,149 Alicea Vía
5744,Roser Mateo,Agustn39@yahoo.com,79,928.612.537,M,64117 Víctor Mercado
7314,Roser Perea III,Rafael94@gmail.com,51,973.197.738,F,003 Teresa Prolongación
5594,Salvador Benítez,MaraSoledad_Saldivar74@yahoo.com,30,973221688,M,6802 Murillo Parque
4670,Josep Olmos,Benjamn34@gmail.com,33,951.810.207,M,9983 Lucas Avenida
673,Manuel Rosado,Octavio94@hotmail.com,66,919046735,M,231 Gabriel Municipio
1503,Ángel Lozano,Arturo67@yahoo.com,74,927 856 072,M,50583 Julio Ferrocarril
6148,Pedro Tamayo,Octavio5@hotmail.com,28,927 413 634,M,47521 Francisco Mercado
5786,Ana Balderas Jr.,Sofa33@yahoo.com,46,938-525-483,F,691 Beatriz Senda
1195,Ricardo Holguín,Rafael29@gmail.com,21,917.140.684,M,183 Nieto Poblado
1599,Sr. Jennifer Quintanilla,MaraLuisa21@hotmail.com,73,928 310 435,F,095 Horacio Rua
1070,Sta. Ana Escalante,Timoteo59@gmail.com,71,929-221-719,F,2559 Inés Sección
3618,Andrea Laureano,Estela11@hotmail.com,32,939740417,F,65643 Daniel Avenida
4509,Maica Delvalle,Jess.Ulibarri@hotmail.com,30,900436286,F,879 Vergara Solar
3456,Jordi Villa,Gilberto61@gmail.com,59,996182353,M,05963 Marta Monte
5936,Marta Polanco,Dorotea99@gmail.com,76,992-711-845,F,738 Claudio Grupo
7129,Matilde Cornejo,JorgeLuis_Ibarra51@yahoo.com,26,904-010-943,M,556 Valladares Arroyo
9343,Matilde Santana,Alfonso.Romero@yahoo.com,38,923965970,M,38489 Adorno Edificio
799,Miguel Urrutia,Maricarmen_Abreu75@yahoo.com,19,977713034,F,89748 Leticia Calle
8345,Matilde Prado,Gerardo_Macas35@yahoo.com,55,939.321.389,M,736 María Eugenia Lugar
2033,Anni Hinojosa,Alejandro98@gmail.com,62,902.863.965,F,98750 Martín Rincón
8851,Ana Alejandro,Isabel79@yahoo.com,27,983 193 323,M,970 Robledo Subida
4875,Rubén Mata,Mariano.Cervantes@gmail.com,75,921-644-255,M,041 Navarrete Calle
1863,Marta Curiel,Emilia_Moya51@hotmail.com,55,976 748 372,M,52820 María Barranco
9413,Andrea Pizarro,Virginia2@hotmail.com,37,982 590 673,M,4581 Emilia Urbanización
8761,Jordi Loera,Rebeca_Solano@yahoo.com,39,987-036-035,F,6335 Maya Polígono
6326,Roser Adorno,Gilberto_Villaseor6@yahoo.com,27,983 964 076,M,9642 Ana Salida
1605,Sra. Salvador Robledo,Rosa_Negrn2@yahoo.com,19,912-619-255,M,84817 Hernán Rambla
5400,Jennifer Cintrón,Sergio_Enrquez@hotmail.com,36,900485679,M,06968 Sofía Apartamento
9254,Maica Arellano,Bernardo24@yahoo.com,40,922 483 533,M,4954 Rosas Sector
4972,Laura Sarabia,Guillermo.Maldonado46@gmail.com,57,976-644-564,F,55358 Prieto Grupo
4873,Manuel Naranjo V,Vernica_Aguayo87@gmail.com,53,984-183-795,M,91160 Ledesma Partida
4907,Andrea Flores,Luisa_Sanabria95@yahoo.com,56,933 673 150,F,3403 Saiz Paseo
2101,Manuel Figueroa,Benjamn.Garza@hotmail.com,24,961-712-542,M,500 Hernán Vía
3073,Iván Salgado,Ariadna_Rael25@gmail.com,31,978-359-802,F,37526 Sarabia Rambla
1591,Lorena Covarrubias MD,Natalia.Cervantes@gmail.com,36,904-056-257,F,7614 Guzmán Aldea
9297,Marta Navarro,Ricardo91@hotmail.com,61,933.536.872,F,6788 Benjamín Urbanización
7280,Roser Alcalá,Estela_Robles@yahoo.com,19,951097272,M,464 Contreras Monte
4882,Laura Lira,Elisa_Leyva35@gmail.com,77,960894302,M,6878 Alaníz Terrenos
5107,Sta. Daniel Trejo,Mercedes80@hotmail.com,22,949-335-413,M,00230 Carranza Aldea
977,Jennifer Abeyta,Santiago72@hotmail.com,20,918272121,F,7600 Carmen Monte
9118,Jordi Durán,Dorotea_Concepcin@yahoo.com,31,931.404.964,M,525 Conchita Barrio
1358,Ángel Cepeda,Jernimo_Torres36@gmail.com,52,920.463.011,F,23182 Lucía Avenida
6827,Salvador Covarrubias,Alejandro.Valencia@gmail.com,73,992656354,F,5202 Medrano Chalet
7606,Iván Viera,Alfredo_Matos@hotmail.com,58,956.916.513,M,62761 Loera Ferrocarril
3709,Roser Ibarra,MaraElena.Barreto51@yahoo.com,45,900 590 007,F,9636 Argüello Grupo
8340,Laura Vega,Manuela_Agosto46@hotmail.com,57,982.279.784,M,2940 Leonor Puente
86,Sr. Laura Cantú,MarcoAntonio77@hotmail.com,54,959266938,M,03891 Uribe Extrarradio
9013,Matilde Uribe,ngela_Alanz43@hotmail.com,47,944.511.839,M,3008 Diana Arrabal
7802,Maica Tejada,Jacobo.Alejandro48@hotmail.com,56,973.711.401,F,39401 Ana Aldea
6764,Ana Amaya,Rosalia_Vlez@hotmail.com,64,968 932 845,F,9190 María José Ramal
5169,Ana Murillo IV,Agustn99@hotmail.com,20,905 465 233,M,7192 Miranda Poblado
7961,Manuel Ceja II,Marta_Segovia61@hotmail.com,68,955623127,M,0222 Gloria Muelle
1564,Sra. Roser Parra,Yolanda.Gamboa@hotmail.com,48,949-767-207,M,54275 Miguel Manzana
1108,Manuel Morales,Diana80@yahoo.com,34,989669416,F,132 Lilia Carretera
3685,Sta. Rubén Baeza,Caridad.Guilln@yahoo.com,78,958534567,M,121 Raquel Puerta
5348,Anni Cavazos,Irene_Palomino42@hotmail.com,67,943-347-169,M,355 Armas Carretera
9353,Lorena Téllez,Rafael_Jurado63@hotmail.com,78,999 216 578,M,710 Nazario Partida
4992,Sra. Roser Concepción,Antonio40@yahoo.com,42,973.055.951,M,6006 Acosta Extramuros
9719,Ana Hernández,Jos_Abeyta@hotmail.com,34,995.714.315,F,42604 Clemente Torrente
5641,Josep Jurado,Alberto.Benavdez@yahoo.com,44,973 863 588,M,024 Armijo Ronda
8434,Andrea Perales,Gloria49@gmail.com,53,987 024 301,F,637 Trujillo Grupo
5125,Manuel Jiménez,Lorena37@gmail.com,36,937675492,F,3277 Saucedo Torrente
8969,Pedro Monroy,Adn17@yahoo.com,35,910 085 297,M,2017 Luna Extrarradio
1444,Lorena Villanueva,Amalia.Armijo92@gmail.com,43,904-884-824,M,4831 Clemente Ferrocarril
931,Jordi Palacios,Elsa63@yahoo.com,65,941 637 660,F,449 Serrano Caserio
8735,Matilde Galarza,Gonzalo19@hotmail.com,60,938223191,F,274 Lovato Puerta
3839,Ana Candelaria,Adela_Delgadillo14@gmail.com,29,982-727-565,F,6338 Barbara Huerta
9321,Matilde Valdez,Dolores43@gmail.com,42,911-934-009,M,9100 Arreola Rua
8404,Marta Ferrer,Mariano.Centeno@gmail.com,31,930695350,M,85937 Alejandra Arroyo
8859,Miguel Orta,Gustavo.Prez@gmail.com,72,981-841-391,M,9207 Santana Urbanización
7352,Ángel Lucio,Ricardo.Esquibel@hotmail.com,23,924148464,M,11012 Bustos Solar
4341,Jorge Guajardo PhD,AnaLuisa_Mndez38@yahoo.com,44,983167538,M,384 Rodrigo Bajada
3009,Matilde Cruz,Eloisa47@hotmail.com,27,933-381-973,F,62062 Julio César Chalet
5859,Sergi Alcántar,Rafael_Cervntez97@gmail.com,53,980-015-469,M,9389 Dolores Cuesta
4981,Daniel Delatorre,Marta.Patio@yahoo.com,65,992 269 738,F,5405 Patricio Prolongación
634,Carles Preciado,Eva_Venegas91@yahoo.com,45,907.407.265,M,73249 Ramona Rambla
8089,Jorge Lozano,Marcela4@gmail.com,72,966237389,F,88847 Guadalupe Monte
5046,Matilde Carrasquillo,Concepcin.Len46@gmail.com,75,912.719.692,F,0033 Juárez Polígono
9609,Andrea Peña,Amalia17@gmail.com,33,977 658 484,F,5188 Gabriela Rampa
2523,Salvador Aponte,Teresa_Briones@gmail.com,69,925475251,F,621 Olmos Puente
4750,Josep Ojeda,MaraJos_Vzquez73@yahoo.com,66,952228150,M,3423 Alemán Colegio
6214,Laura Toledo,Marcela_Urea@yahoo.com,51,975241415,F,763 Fonseca Solar
5797,Laura Corrales,Lorena.Toro95@hotmail.com,26,901.998.342,F,786 Carlos Rua
9924,Sergi Armijo,Ricardo.Villalobos98@hotmail.com,46,973603281,F,5307 Urbina Riera
5495,Jennifer Tijerina,Manuela.Flores36@hotmail.com,36,993456140,F,4234 Padilla Ronda
4472,Ricardo Soliz,Daniela.Carrera9@yahoo.com,72,970 533 257,F,4827 Blanca Riera
2494,Manuel Vela,Blanca.Henrquez89@yahoo.com,32,944878905,M,894 Cecilia Escalinata
3162,Jennifer Palacios,Alberto.lvarez@gmail.com,77,972 748 339,M,362 Marcos Manzana
9096,Sr. Ana Girón,JuanCarlos_Castaeda80@gmail.com,74,989-138-971,F,7793 Borrego Paseo
442,Sta. Laura Zepeda,Ricardo_Saldivar@yahoo.com,19,944.656.093,F,725 Crespo Ronda
1030,Maica Leiva Sr.,Alicia.Aranda63@yahoo.com,58,978 004 933,M,763 Graciela Riera
2820,Andrea Benavídez,Mariano31@gmail.com,49,954-583-057,M,361 Rocío Quinta
1208,Iván Limón,Vernica_Manzanares87@yahoo.com,50,917-374-904,M,52654 Esperanza Rua
216,Iván Fernández,Fernando86@gmail.com,23,943 248 439,F,7615 Zúñiga Urbanización
9558,Manuel Sarabia,Ins_Roldn@gmail.com,71,939 340 020,F,3366 Chavarría Barrio
1564,Laura Portillo,Lola0@yahoo.com,25,910 192 873,F,6588 Adriana Chalet
7992,Matilde Delatorre,Teodoro_Prieto@gmail.com,44,973 341 941,M,7621 Juan Calleja
6810,Roser Cruz,Clara_Mesa62@yahoo.com,48,932-993-523,M,386 Guadalupe Ramal
4040,Roser Almanza,Carlos60@yahoo.com,80,961209797,F,3605 Marcela Colonia
1465,Pedro Baeza,Caridad.Prado88@gmail.com,62,909-134-425,F,65154 Rosario Jardines
2400,Anni Valdez MD,Jorge_Burgos@gmail.com,41,938628614,M,79610 Mercedes Extrarradio
7171,Josep Rosales,Mayte.Zayas@hotmail.com,39,993 238 802,M,7350 Venegas Rincón
9267,Sr. Ricardo Cruz,Arturo_Espinosa@hotmail.com,55,983723307,M,9600 Guevara Polígono
862,Laura Alcalá V,AnaLuisa.Mungua45@gmail.com,40,977.264.606,F,77060 Alberto Sector
5314,Jorge Lozano,Carlos.Quintanilla@hotmail.com,21,972-726-505,M,46309 Ernesto Huerta
7635,Pedro Cisneros MD,Fernando_Prado65@yahoo.com,46,982-135-853,F,347 Serrano Glorieta
19,Laura Salcido,JosLuis79@gmail.com,51,977 312 552,F,927 Antonia Parque
9584,Sr. Manuel Blanco,Margarita.Arreola@hotmail.com,55,963866543,F,5832 Hugo Bajada
3699,Sergi Mondragón II,Sara41@hotmail.com,56,977.445.405,M,33101 Santacruz Torrente
9358,Ricardo Segura DDS,Virginia_Leyva46@gmail.com,80,994601847,F,17896 Chavarría Gran Subida
9184,Laura Briseño,Mariano.Huerta@gmail.com,65,990-136-002,F,3744 Lucas Vía
3654,Laura Olivárez,Emilio.Rodrguez@gmail.com,67,971 239 558,F,7014 Josefina Gran Subida
1406,Pedro Bernal,Adn47@yahoo.com,74,991.563.137,F,1112 Báez Cuesta
569,Marta Pérez,Gloria4@yahoo.com,68,927 698 256,M,158 José Eduardo Aldea
6109,Sta. Miguel Rolón,Mario_Mares21@yahoo.com,26,930 317 170,F,0393 Benito Ramal
8533,Jordi Enríquez,Lorenzo85@yahoo.com,58,992.339.375,M,57378 Matías Plaza
8939,Sta. Josep Amador,Mercedes99@gmail.com,24,917 282 560,M,920 Delapaz Senda
5421,Maica Barragán,Luz.Balderas@gmail.com,79,954 999 996,M,2931 Mascareñas Arroyo
6272,Iván Guzmán,Esteban_Meza@hotmail.com,62,903 367 861,M,212 Leyva Ramal
7334,Iván Escamilla,Clara_Lira@hotmail.com,43,995 522 013,F,9052 Valverde Vía
2595,Manuel Guevara,Sara.Tello59@hotmail.com,31,958490188,F,56179 Santiago Salida
2211,Carles Bueno,Rosalia94@hotmail.com,55,903931206,M,611 Alarcón Torrente
5375,Ángel Jasso,scar.Luna48@gmail.com,19,995372004,M,63584 Eloisa Rampa
3807,Sta. Marta Pérez,JosMara.Dvila@hotmail.com,29,905020490,F,34103 Villarreal Poblado
1255,Carles Esquivel,Jess_Cervantes76@gmail.com,72,967111704,F,914 Pérez Avenida
3891,Roser Fuentes,Mayte_Loya@hotmail.com,28,915753745,M,31117 Fonseca Extramuros
6156,Jorge Loera III,Ana25@gmail.com,59,995 255 232,M,975 Roberto Entrada
7178,Laura Estrada,Agustn48@hotmail.com,52,928185874,F,25801 Magaña Extramuros
6570,Sta. Jennifer Batista,Maricarmen66@hotmail.com,78,946265823,F,73243 Feliciano Rincón
4774,Jorge Rosales,Susana.Olivas@yahoo.com,40,933.390.416,F,5901 Chacón Colonia
1924,Matilde Peralta,Adn_Carranza22@gmail.com,19,916870366,F,2488 Lugo Calleja
6188,Ricardo Espinal,scar9@yahoo.com,25,919894427,F,371 Brito Vía Pública
5013,Ángel Barrera,Ariadna.Flrez@gmail.com,46,944.686.555,M,217 Rosas Plaza
3538,Lorena Ruíz I,Ignacio_Fierro53@yahoo.com,44,902 951 233,M,48262 Esparza Calleja
1310,Maica Lucero,Arturo86@yahoo.com,72,916-284-854,M,54443 Ana Partida
8647,Ana Saucedo,Teresa.Meza25@hotmail.com,71,919112819,M,968 Ramona Apartamento
7901,Sra. Pedro Gaitán,Natalia58@hotmail.com,29,979-072-507,F,982 Preciado Sección
1934,Ana Mena,Martn_Villagmez26@yahoo.com,50,902835123,M,68653 Virginia Pasaje
6915,Laura Romero,Teresa_Galarza37@gmail.com,65,971 200 662,F,59221 Rael Paseo
4676,Marta Hurtado,Ester.Serrano97@hotmail.com,69,939.759.122,F,77822 Segovia Ramal
6104,Miguel Leal,Leonor56@hotmail.com,73,929065455,M,188 Inés Extrarradio
8005,Laura Robledo,Manuel.Zelaya34@yahoo.com,70,976 581 699,F,554 Brito Jardines
2546,Roser Caraballo,Blanca.Quintero22@yahoo.com,62,966 950 106,F,884 Mateo Riera
6998,Carles Badillo,JorgeLuis.Pez@yahoo.com,53,941.888.611,F,9826 Lourdes Escalinata
7592,Manuel Velásquez,Susana_Quinez@hotmail.com,61,912725907,F,86308 Caridad Caserio
1309,Anni Corral Sr.,Yolanda.Escobedo46@gmail.com,79,922 658 061,F,92999 Estévez Glorieta
932,Carles Vera,Luisa.Mrquez45@gmail.com,31,931.356.797,M,593 Barela Conjunto
2179,Anni Matías,Marcos48@gmail.com,53,977 261 076,F,70191 Cruz Ferrocarril
8538,Rubén Apodaca,Gerardo91@yahoo.com,66,989 587 331,M,21426 Mena Bloque
4511,Lorena Mesa,Vicente10@gmail.com,22,974729822,F,199 Villanueva Calle
4932,Laura Jaimes,Lorena_Hidalgo0@yahoo.com,55,963 615 807,F,4070 Lomeli Rampa
1688,Sta. Pedro Arreola,Santiago.Vergara29@gmail.com,29,959.802.838,F,32019 Raúl Lado
7888,Anni Mercado,Rafael35@hotmail.com,80,942-500-344,M,642 Nieto Sector
9412,Matilde Delvalle III,Octavio.Orozco@hotmail.com,21,942 555 888,F,47557 Pablo Conjunto
418,Ricardo Batista,Magdalena_Navarro28@hotmail.com,56,901.281.392,F,1820 Maestas Conjunto
8605,Jordi Esquibel,JulioCsar.Hurtado60@yahoo.com,34,942.189.300,F,71982 Gregorio Parque
3553,Roser Rivero,Andrea_Santiago19@gmail.com,65,988.542.131,M,182 Adela Rincón
8540,Manuel Vázquez,Germn.Verduzco43@yahoo.com,18,929638553,M,8395 Negrón Colonia
450,Salvador Carmona,Alejandro33@yahoo.com,24,923 882 680,F,1726 Manuela Monte
750,Laura Carrero,Isabela_Muro@hotmail.com,55,942940055,F,606 Delvalle Arrabal
8632,Miguel Salgado,Alejandro_Ruz95@hotmail.com,53,991316075,M,51638 Zarate Calle
6481,Jennifer Luevano,Irene_Santana@yahoo.com,44,948 558 874,F,7135 Gustavo Arroyo
7206,Roser Cervántez,JosMara_Cazares@hotmail.com,54,970 678 411,F,2671 Jorge Luis Glorieta
3014,Jordi Lira,Timoteo20@hotmail.com,67,969-717-964,M,255 Guardado Rua
6073,Iván Razo,Dbora.Olivera78@yahoo.com,45,942-478-747,F,7807 Casares Colonia
2913,Laura Abeyta,Enrique_Grijalva@yahoo.com,54,988.689.770,M,48533 Cordero Camino
6048,Josep Carreón,Teodoro_Olvera@gmail.com,67,907149328,M,43736 Hernández Caserio
375,Daniel Vázquez DDS,Daniel.Camarillo@yahoo.com,64,928 481 910,F,17326 Uribe Puerta
9560,Rubén Valenzuela,Miguelngel79@hotmail.com,62,929-940-052,F,05754 Cabán Arroyo
9718,Carles Jaramillo,Alejandro14@yahoo.com,18,950-514-281,M,2457 Villarreal Calle
667,Laura Carrillo,Antonia_Delao@hotmail.com,75,910 658 815,F,483 Adriana Cuesta
7257,Iván Quintana,Guadalupe_Anaya1@yahoo.com,35,904-358-725,M,7567 María José Rincón
3640,Roser Valle,Ral87@gmail.com,67,974 748 854,M,618 Figueroa Quinta
4000,Matilde Arce,Timoteo51@yahoo.com,34,954-155-610,F,3427 Teodoro Carretera
2667,Jennifer Fonseca,Florencia34@gmail.com,22,958.493.475,F,1111 Beatriz Avenida
7972,Salvador Mondragón,Francisca.Casanova@yahoo.com,28,999606932,M,0977 José Eduardo Arrabal
6962,Jordi Salcedo,Dbora_Rosado32@gmail.com,80,915 228 421,M,6269 Margarita Ferrocarril
5755,Marta Sarabia,Gerardo1@yahoo.com,65,982 612 092,F,7360 Andrés Travesía
7026,Daniel Quiñónez,Reina67@hotmail.com,77,914.099.371,M,24945 Aguilera Avenida
7297,Sergi Maya,Vernica_Sevilla32@hotmail.com,37,994 001 442,F,628 Alaníz Terrenos
9923,Sta. Roser Briseño,Julio_Trujillo11@hotmail.com,70,969993207,F,6372 Emilia Calle
2000,Sta. Maica Ferrer,Ramn_Heredia@hotmail.com,61,904.570.769,F,98778 Rodríguez Senda
152,Sta. Ricardo Abeyta,Luca47@yahoo.com,41,981 940 757,F,38373 Clemente Conjunto
2349,Maica Quiróz Sr.,Rebeca.Vanegas@yahoo.com,69,982474985,F,426 Tórrez Camino
6315,Pedro Leyva,Sofa_Almarz63@hotmail.com,53,997-650-701,F,6323 Emilio Ramal
9798,Rubén Cervántez,Emilia_Gil@yahoo.com,26,908915920,M,5796 Zamudio Barrio
6793,Jennifer Campos,Isabel.Fajardo@yahoo.com,48,907.097.947,F,763 González Avenida
7692,Sr. Sergi Serrano,Mariana_Ozuna@gmail.com,66,985 951 813,M,154 Yolanda Arroyo
4557,Manuel Pedroza,Estela_Estrada11@gmail.com,26,997 324 625,M,8243 Orellana Carretera
6033,Pedro Manzanares,Lourdes84@yahoo.com,70,969-158-079,M,087 Jacobo Rambla
8515,Miguel Castillo,JosMara_Zavala@yahoo.com,33,906 425 449,M,95377 Norma Gran Subida
7830,Maica Quiñónez,AnaMara70@yahoo.com,66,945-749-851,F,43022 Raúl Mercado
2704,Marta Benavídez,Octavio_Mesa12@yahoo.com,61,998.499.555,F,359 Octavio Bajada
5958,Manuel Rendón,Santiago.Espinosa74@hotmail.com,18,912 022 132,M,058 Isabela Senda
2723,Laura Villarreal,Carlos84@gmail.com,65,941-286-082,M,0846 Armenta Rambla
10,Ángel Palacios,Rubn_Pulido@yahoo.com,79,978 865 928,F,05428 Cristián Camino
962,Sergi Ureña,Norma.Salinas@hotmail.com,39,906593246,F,934 Noriega Prolongación
8364,Marta Espinal,Cristina46@hotmail.com,29,924938316,M,81388 Urbina Rampa
2438,Ana Barrera I,Vicente73@gmail.com,30,932 763 330,F,6260 Medina Lado
4854,Ana Ramos,Luis26@gmail.com,31,926-717-039,M,381 Roque Explanada
6282,Roser Díaz,Benito88@yahoo.com,30,965.492.076,M,0203 Verónica Parcela
5440,Roser Corona,Reina98@hotmail.com,72,997-644-082,M,83892 Rojo Arroyo
871,Carles Polanco,MaraTeresa7@yahoo.com,51,985.951.844,F,32265 Magdalena Senda
5058,Sr. Josep Amador,Jorge_Sisneros80@hotmail.com,19,943705020,M,27329 Ruíz Sección
9759,Matilde Moya,Emilio79@gmail.com,30,995185973,F,2776 Rodríguez Polígono
292,Laura Carranza,Eduardo.Armijo@yahoo.com,51,924587696,M,833 Briones Avenida
1236,Carles Perales,MaraTeresa_Rivas@yahoo.com,68,997.630.997,F,5436 Romero Rua
8278,Sergi Ornelas,MaraSoledad_deAnda@gmail.com,32,959-708-274,M,53212 Delgadillo Calleja
51,Maica Alaníz,Antonio_Otero@hotmail.com,20,914.682.460,F,02722 Colón Rambla
8912,Josep Vega,Mnica12@gmail.com,37,903 827 735,M,1801 Ocasio Lado
6415,Pedro Bustos,Susana_Valdivia72@hotmail.com,18,979.369.133,F,11551 Quiróz Ferrocarril
4338,Ana Gil,Bernardo.Carrero61@hotmail.com,31,955.842.701,M,1018 Barbara Ronda
8776,Ana Rivas,Josefina_Amador6@yahoo.com,77,936.184.022,M,38813 Pineda Vía Pública
769,Ana Lomeli,Lourdes73@gmail.com,39,967.905.994,F,38398 Cristina Aldea
950,Ángel Aguayo,Patricia_Delarosa@gmail.com,47,969-411-761,F,47521 Corona Carretera
5819,Sra. Anni Guzmán,Marcela_Garca55@hotmail.com,59,979745949,F,586 Diana Apartamento
1852,Ana Zambrano,Pilar46@hotmail.com,40,976-959-529,F,1858 Pelayo Municipio
4694,Anni Barrientos,Marcela_Gurule@yahoo.com,27,938 570 149,M,6358 Gloria Muelle
9422,Jennifer Figueroa DVM,Raquel_Manzanares@gmail.com,71,900 991 440,M,5360 Montero Apartamento
5706,Josep Madera,Juana6@gmail.com,38,939.885.345,F,4871 Elsa Pasaje
7710,Sta. Roser Torres,LuisMiguel_Castellanos40@yahoo.com,75,982.741.210,M,131 Marco Antonio Quinta
2209,Miguel Molina,Manuela3@gmail.com,67,931 946 801,M,8303 Caridad Monte
4811,Jordi Vigil,Victoria49@hotmail.com,26,949.088.578,F,15016 Luevano Barranco
8736,Sra. Anni Limón,MaraTeresa_Enrquez@gmail.com,66,912.538.972,F,02181 Urías Rampa
3931,Anni Roque,Micaela84@gmail.com,77,907-638-504,F,27086 Susana Extramuros
7644,Ricardo Pagan,Lourdes36@hotmail.com,80,964 471 817,F,650 Gonzalo Parcela
4102,Sra. Jennifer Espinosa,Manuel97@gmail.com,34,915 986 814,M,181 Negrete Rincón
2588,Josep Villagómez V,Caridad47@yahoo.com,21,944 930 779,M,0753 Alejandro Sección
5802,Daniel Salinas,Lourdes_Valencia@hotmail.com,32,962223777,F,460 Juan Carlos Conjunto
4169,Jorge Rojas,Mercedes84@hotmail.com,75,930204050,M,77238 Emilio Escalinata
1696,Matilde Grijalva,Julio.Velasco@gmail.com,62,957 853 349,F,37662 Sepúlveda Extrarradio
2441,Iván Salcedo,Adriana_Arevalo41@yahoo.com,54,975.316.951,F,2685 Carrasquillo Senda
7070,Marta Escobar,Cristbal_Pedraza16@yahoo.com,65,924252632,M,12815 Ocasio Gran Subida
5155,Anni Rivero,Mayte_Saiz@gmail.com,22,963-329-946,M,96391 Magdalena Camino
2099,Salvador Rincón,Ariadna_Alba26@gmail.com,44,974.199.572,F,48899 Timoteo Cuesta
1736,Miguel Carvajal,Mercedes_Rodrguez@hotmail.com,28,954 673 087,F,5046 Robles Monte
2087,Josep Pineda,Carla_Miranda30@yahoo.com,72,916-146-215,F,6233 Peralta Calleja
6313,Marta Cardona,Ana.Escobedo30@hotmail.com,61,905.957.272,M,158 Roldán Calleja
1165,Miguel Cordero,Homero72@yahoo.com,74,980 117 058,M,824 Aponte Travesía
1090,Laura Gallardo,Yolanda64@hotmail.com,68,931-161-855,M,3865 Tovar Vía Pública
527,Sr. Marta Galindo,Isabel.Valles38@hotmail.com,78,928 016 132,F,42097 Lilia Muelle
13,Andrea Solorzano,Sonia_Espinosa@gmail.com,19,908 757 489,M,941 Valencia Conjunto
1684,Anni Marín,Irene60@yahoo.com,42,932 657 964,F,35983 José Eduardo Chalet
991,Ricardo Zambrano,MaraLuisa8@hotmail.com,69,981-238-476,F,198 Barreto Gran Subida
7152,Manuel Barrios,Sonia.Vliz@yahoo.com,60,934 694 806,F,440 Montemayor Ramal
6655,Josep Malave,Daniela.Casarez1@yahoo.com,23,986105166,M,64781 Terán Calleja
8833,Matilde Galindo,Julia_Velsquez@hotmail.com,79,939.877.532,M,81988 Miguel Ángel Riera
3906,Laura Chacón,MaraSoledad_Menndez@hotmail.com,66,995 509 770,F,753 Espinoza Bloque
6249,Manuel Soliz,Alejandra.Luna23@yahoo.com,56,908292795,M,6771 Sancho Lado
4869,Marta Jasso,Carlos.Abreu81@gmail.com,35,951 588 058,F,252 Bravo Extrarradio
2990,Pedro Cabrera,Luz.Lara@hotmail.com,63,916 829 850,F,499 María Teresa Masía
3004,Ángel Jaime,Juana.Betancourt50@yahoo.com,72,915938653,M,22027 Gilberto Arrabal
4188,Maica Irizarry Sr.,Isabel_Coln76@hotmail.com,60,925 288 186,M,5479 Manuela Parcela
6339,Carles Tapia,JosMara.Patio83@gmail.com,41,991.185.741,F,41893 María Cristina Rampa
7505,Jennifer Valles,Emilio.Castellanos37@hotmail.com,40,921.306.410,M,12793 Sepúlveda Gran Subida
350,Josep Posada,Carmen_Rivero@yahoo.com,37,992 078 920,M,019 Delacrúz Vía
7902,Ricardo Saavedra,Pablo.Sols95@gmail.com,68,991.214.956,F,65930 César Poblado
2057,Daniel Arias MD,Alicia_Montaez65@gmail.com,30,978.460.423,M,89093 Hidalgo Muelle
3364,Manuel Blanco,Diego_Posada58@hotmail.com,26,925 063 101,F,85961 Delgadillo Conjunto
8939,Lorena Vargas,Vicente.Figueroa@hotmail.com,69,967-118-519,M,2444 Joaquín Gran Subida
6851,Marta Concepción,Cristbal.Menndez@gmail.com,45,932996193,F,756 Ernesto Salida
4651,Maica Botello PhD,Diego34@gmail.com,38,982-462-033,F,3097 Graciela Puente
3777,Laura Navarro,Emilio.Lugo@yahoo.com,19,922-112-074,F,3834 Espinoza Calle
301,Anni Pabón,Lourdes93@yahoo.com,74,987-944-073,M,308 Lorenzo Vía Pública
4316,Josep Carvajal,Nicols_Arteaga@yahoo.com,41,969.200.243,M,273 Peralta Muelle
657,Carles Fuentes,Graciela.Acua@yahoo.com,47,900710632,M,272 Tafoya Poblado
1162,Andrea Salcido,Vernica.Saldivar29@hotmail.com,30,932.831.241,F,7572 María Luisa Urbanización
5595,Jordi Chacón,Claudio_Heredia15@gmail.com,66,917122039,M,523 Dueñas Camino
4865,Manuel Armenta,Sara_Santacruz16@gmail.com,47,989-873-949,F,2400 Jaime Explanada
9622,Daniel Salcido I,Luisa_Griego73@hotmail.com,59,933.770.082,F,70350 Suárez Conjunto
3019,Josep Soliz,Felipe.Valdez16@hotmail.com,31,971450487,F,734 Partida Chalet
1591,Sra. Lorena Delafuente,Jacobo83@hotmail.com,58,947.835.856,M,14848 Baeza Cuesta
2760,Josep Páez,Mercedes.Acua@gmail.com,80,915.801.949,F,260 Montemayor Barrio
1391,Roser Manzanares,MarcoAntonio.Pedraza@hotmail.com,69,909 200 491,M,4467 Armando Escalinata
7867,Josep Montéz II,Marcela56@hotmail.com,60,992 302 380,F,540 Esteban Puente
8633,Salvador Hinojosa,AnaLuisa.Jaime@gmail.com,23,907 617 686,F,6601 Samuel Arroyo
7546,Sta. Jennifer Carreón,MaraSoledad_Madera61@gmail.com,31,901569612,F,75032 Sancho Terrenos
9239,Roser Galindo,AnaMara_Rivero@gmail.com,20,924211080,M,76724 Arredondo Gran Subida
660,Salvador Luna,Leticia_Ulibarri@yahoo.com,48,972.153.972,M,9365 Alcaraz Explanada
2129,Laura Muñiz,Claudia73@gmail.com,52,996.203.311,F,54523 Gonzalo Cuesta
6774,Daniel Díaz,Guillermo.Cabrera@gmail.com,75,931 973 037,F,3871 Orozco Solar
765,Maica Menchaca,Daniela84@yahoo.com,57,958073422,F,43071 Villaseñor Poblado
9752,Marta Lerma,Cristin14@yahoo.com,72,965.944.825,F,55798 Caldera Apartamento
1078,Miguel Montemayor,Alicia30@yahoo.com,70,950-353-757,F,500 Clemente Solar
4429,Ángel Lozada,Lola_Meraz@hotmail.com,68,914-177-317,M,90114 Ariadna Huerta
7532,Miguel Ponce,Marta.Tijerina23@gmail.com,59,931 195 475,M,84874 Gamboa Paseo
2356,Ángel Carrasco,Gilberto_Gallardo73@gmail.com,27,959-543-590,F,203 Ana Luisa Bloque
7901,Laura Urrutia,Luis38@hotmail.com,61,940-764-331,M,815 Francisca Colonia
1086,Daniel Zaragoza,Antonia15@yahoo.com,46,974124175,F,5221 Pedro Apartamento
999,Jorge Juárez IV,Salvador.Cotto@gmail.com,27,924904197,M,7775 Carla Ronda
4594,Pedro Jurado,Raquel_Toledo@gmail.com,40,924-716-133,F,5028 Martín Entrada
2318,Rubén Echevarría,Isabela.Soliz@hotmail.com,38,983 598 373,M,87397 Marco Antonio Barranco
3089,Sergi Ceja,Mnica.Nevrez@yahoo.com,43,979 263 098,F,5601 Contreras Subida
7833,Anni Navarrete,Soledad.Olivares13@yahoo.com,62,920942889,F,2026 Deleón Plaza
9970,Ricardo Abreu,Rubn.Trrez84@yahoo.com,21,920161529,F,87020 Partida Torrente
4905,Sra. Anni Ruíz,Nicols46@yahoo.com,55,937.399.849,M,694 Jorge Colegio
7600,Sr. Roser Beltrán,Dbora.Gutirrez@gmail.com,40,965.304.317,M,387 Felipe Municipio
9647,Manuel Villagómez III,Cristbal.Sarabia@yahoo.com,48,952424370,F,9801 Zamora Solar
6873,Ricardo Barela,Daniel29@yahoo.com,31,998-546-540,M,79454 Ricardo Torrente
920,Sergi Perea,JosLuis_Cazares@hotmail.com,47,927011733,M,863 Patricia Sección
8625,Ricardo Angulo,Luca19@gmail.com,45,942.455.796,F,245 Riojas Gran Subida
54,Andrea Grijalva,Gilberto.Ayala@gmail.com,64,932 576 519,M,578 Chavarría Apartamento
3495,Laura Gálvez,Cecilia_Estrada@hotmail.com,70,986-441-827,M,312 Candelaria Lado
4154,Rubén Contreras,Claudio.Casarez@yahoo.com,70,953 342 381,F,341 Luz Parcela
2369,Maica Arteaga,Caridad.Santana@yahoo.com,37,979 978 633,M,3907 Ordóñez Travesía
8960,Laura Barragán,Sancho_Acosta56@gmail.com,46,923.999.264,F,66022 Julio Ferrocarril
2553,Iván Delrío,Jess.Candelaria@yahoo.com,60,900580384,F,670 Esperanza Polígono
6336,Rubén Arredondo,Dolores84@hotmail.com,51,956963263,F,9032 César Urbanización
4883,Sra. Marta Villalobos,Ramn.Esparza74@hotmail.com,34,909 328 197,M,358 Uribe Entrada
1992,Lorena Carrero,Florencia52@hotmail.com,45,972.042.405,M,6918 Benjamín Poblado
5717,Andrea Bahena,Amalia_Miramontes@hotmail.com,65,931181740,M,4988 Arturo Avenida
8778,Pedro Vera,Claudio_Cervantes73@yahoo.com,66,972.874.516,M,2133 Cornejo Barranco
5768,Sergi Solano,Marcela.Cuellar@hotmail.com,58,998804866,F,25155 Lira Cuesta
6030,Iván Saucedo,Rosalia.Mondragn@hotmail.com,38,943491854,M,5452 Velásquez Lado
9791,Sta. Jordi Palomo,Cristbal_Escamilla54@yahoo.com,73,920.783.439,F,709 Cristina Arrabal
6923,Ángel Munguía,Felipe21@gmail.com,21,925-023-353,M,51967 Terán Arrabal
317,Marta Pérez,Ignacio_Marn@gmail.com,63,951 703 554,M,974 Delvalle Municipio
2558,Jennifer Carrasco,Vicente.Olivrez@yahoo.com,21,965859891,F,965 Armendáriz Poblado
6634,Sra. Maica Saucedo,Rosalia_Leiva@gmail.com,38,991.258.032,M,26843 Benjamín Salida
204,Matilde Calderón,Isabela75@hotmail.com,79,917 065 866,F,0784 Partida Muelle
614,Sra. Roser Banda,Diana.Orosco@yahoo.com,77,996.648.819,F,76332 Carlota Mercado
136,Ángel Vaca,Eduardo_Soto@gmail.com,19,928-041-800,M,73265 Soledad Conjunto
2527,Josep Lara,Beatriz36@hotmail.com,65,962 251 514,F,91180 Rincón Polígono
7396,Daniel Flórez,Roco.Ibarra@yahoo.com,21,979.642.921,F,5862 Josefina Explanada
5936,Jorge Molina I,Jorge12@hotmail.com,23,957.080.729,M,4668 Salinas Calle
9652,Manuel Avilés,Raquel53@gmail.com,37,944519098,F,56665 Badillo Sección
366,Maica Guerrero,Teresa_Duarte2@yahoo.com,26,949675155,F,04479 Loera Barranco
4929,Jordi Trejo,Agustn79@hotmail.com,43,968730879,F,94372 Chavarría Sector
6434,Miguel Varela,Benito.Medrano@gmail.com,70,998394139,F,2540 Norma Vía Pública
6552,Sta. Ángel Rosas,Anita.Lira92@gmail.com,32,994 161 991,M,182 Josefina Explanada
434,Jennifer Montero,Claudio.Rivas55@yahoo.com,69,974-683-462,F,859 Correa Gran Subida
7913,Miguel Trujillo,Concepcin13@gmail.com,40,916 081 331,M,33096 Ariadna Puerta
6603,Matilde Lucio,Ernesto70@gmail.com,27,991066108,M,890 Quintana Pasaje
1865,Andrea Castañeda,Daniel42@gmail.com,20,957730711,F,722 Tafoya Avenida
8504,Manuel Acuña,MaraJos.Ontiveros18@gmail.com,78,908-625-891,M,0039 Pichardo Entrada
2582,Ricardo Delao Sr.,Ana44@hotmail.com,39,918-502-818,M,051 Diego Vía Pública
3671,Laura Marroquín,Rodrigo.Ballesteros@gmail.com,32,969-986-555,F,541 Valles Riera
7178,Rubén Villa,Enrique.Garica@hotmail.com,60,915.110.516,M,193 Carlos Lugar
4152,Ana Díaz,Micaela2@gmail.com,21,901-035-307,M,8013 Gilberto Sección
4045,Daniel Quiñónez,Elisa.Anaya@hotmail.com,36,918-632-492,F,8136 Reina Torrente
5451,Ricardo Pichardo,Rosario.Rojo12@yahoo.com,45,988-421-596,F,826 Linares Terrenos
4402,Ricardo Niño,Guillermo_Garay65@gmail.com,62,931517831,F,61084 Lozano Barrio
6143,Ana Palomo,Ramona.Lerma71@hotmail.com,26,981770654,M,123 Santiago Paseo
4511,Iván Balderas II,Germn.Delgadillo52@yahoo.com,51,952 032 936,M,9043 Tijerina Entrada
6385,Matilde Chávez,Luca.Dueas40@yahoo.com,40,907.224.185,M,4639 Jerónimo Poblado
5466,Maica Vanegas,Homero.Arroyo40@hotmail.com,72,929943000,M,7874 Benjamín Entrada
7316,Sta. Daniel Haro,Bernardo57@gmail.com,27,935.843.337,F,8203 María Teresa Muelle
2094,Maica Rendón,Florencia.Bez96@yahoo.com,41,909 519 396,F,51214 Santana Rambla
905,Daniel Bermúdez DVM,MaraLuisa14@hotmail.com,63,990067633,F,9346 Leal Municipio
6822,Jorge Concepción III,Antonia59@gmail.com,60,927 443 305,M,96722 Ernesto Solar
9572,Manuel Contreras,Leticia58@yahoo.com,38,931 957 281,M,33572 Meraz Grupo
6278,Roser Meza,Martn_Lozada44@gmail.com,57,923-157-335,M,331 Lourdes Prolongación
6062,Sta. Rubén Solorzano,Ignacio79@gmail.com,51,901.042.330,F,7373 Alfredo Manzana
4387,Sta. Manuel Castellanos,Ester_Mondragn@yahoo.com,46,940.971.716,F,2856 Ramiro Prolongación
5116,Ricardo Zelaya,MaraSoledad.Cadena@gmail.com,45,989.902.755,M,396 Arturo Cuesta
1136,Ricardo Gaitán,Lola.Sosa51@yahoo.com,69,944-406-047,M,717 Rodrigo Municipio
5184,Ricardo Quiñónez,Cecilia67@yahoo.com,71,912158404,F,4195 Estela Manzana
2344,Sra. Roser Hurtado,Mercedes34@hotmail.com,21,938.206.762,M,234 Inés Sector
8473,Laura Malave,Vicente.Abrego14@yahoo.com,37,954.616.099,M,5254 Méndez Polígono
354,Sr. Jennifer Covarrubias,Elsa.Herrera@hotmail.com,74,926.068.027,F,6068 Miguel Bajada
2503,Laura Araña,Samuel67@yahoo.com,18,943500102,M,2701 Ramiro Colegio
3141,Manuel Naranjo,Alejandro93@gmail.com,79,927-984-028,F,8138 Arroyo Urbanización
1472,Salvador Navarrete I,Vicente.Alcntar@hotmail.com,76,946-598-877,F,8743 Emilia Plaza
840,Ricardo Padrón,Adriana_Arredondo82@yahoo.com,47,905.024.569,M,30619 Benavídez Apartamento
4950,Maica Farías,Gustavo18@hotmail.com,69,923 718 390,M,4421 Olivares Gran Subida
3302,Andrea Hurtado,Ignacio.Aguilar54@yahoo.com,43,988-723-368,F,377 Arias Arrabal
2382,Matilde Parra,Adriana59@gmail.com,59,959 736 186,M,525 Valdez Torrente
8753,Anni Corrales III,Marisol36@hotmail.com,27,967 659 313,M,608 Olivas Calleja
2194,Matilde Carrasquillo,Luz.Mojica@gmail.com,55,941-374-476,M,02737 Verduzco Poblado
4701,Ángel Zapata,Margarita_Salcedo6@gmail.com,25,920468844,M,1659 Jasso Muelle
5150,Jordi Collazo,Leticia.Garica@gmail.com,38,948240106,M,31935 Gabriel Extrarradio
8733,Sta. Matilde Sisneros,Federico.Ordez61@gmail.com,80,938 659 211,M,2051 Figueroa Puente
6091,Sta. Matilde Chapa,JosMara25@hotmail.com,43,952-463-999,F,515 Miguel Ángel Parque
4999,Marta Solís,Manuel_Murillo48@hotmail.com,44,974.222.562,M,78941 Navarrete Conjunto
138,Josep Lucio,Rebeca.Romero@gmail.com,27,994391824,F,268 Clemente Calle
911,Maica Tello,Gonzalo.Luevano14@hotmail.com,68,902338460,M,36317 Arturo Municipio
8539,Jorge Loya,Mara_Briones25@yahoo.com,54,996 486 385,F,909 Dueñas Extramuros
3059,Sergi Ríos V,Agustn_Henrquez23@hotmail.com,40,974225368,F,195 Caldera Bajada
5727,Rubén Núñez,Irene_Bauelos65@hotmail.com,52,921720635,M,227 Jorge Bajada
6027,Josep Delagarza,Dolores_Borrego26@yahoo.com,20,901207679,M,924 Contreras Parque
8224,Marta Matías,Timoteo.Montalvo@gmail.com,73,959.009.078,M,9430 Casares Solar
2481,Manuel López,Eduardo82@yahoo.com,27,997785367,M,55360 Carolina Chalet
5400,Maica Barrera,MaraTeresa9@hotmail.com,60,988131767,M,309 Roberto Explanada
4025,Matilde Sosa,Conchita_Santilln@hotmail.com,66,977-427-553,M,00916 Esperanza Poblado
5367,Ricardo Rangel,Benjamn30@gmail.com,79,995-456-276,M,2233 Benito Quinta
8331,Maica Valle,Teodoro_Hernndez54@gmail.com,53,951972121,M,753 Lorena Ramal
5698,Jennifer Cervántez Sr.,Daniela28@gmail.com,29,917.873.540,M,2108 Teresa Lugar
2494,Anni Merino,Ricardo_Benavides42@hotmail.com,64,974.545.756,F,60002 Gabriela Rincón
1245,Jordi Chavarría,Irene_Pacheco40@yahoo.com,66,991.244.437,M,475 Miguel Lugar
2953,Carles Matías,Sancho_Valencia@yahoo.com,28,910-824-805,M,43226 Elvira Pasaje
1014,Sr. Ricardo Bermúdez,Benito_Estvez28@hotmail.com,49,906891820,F,3651 Javier Masía
1963,Maica Ontiveros,Graciela.Guzmn@yahoo.com,63,974778840,F,794 Francisca Cuesta
6679,Jordi Zepeda,Carlota_Cant63@gmail.com,25,955 979 143,F,49324 Tejeda Senda
5442,Miguel Barreto,Ramiro_Arroyo30@hotmail.com,49,982 997 703,M,61550 Arreola Avenida
2475,Jennifer Verduzco,Carlota_Venegas@gmail.com,23,912 618 058,M,3895 Federico Paseo
1780,Ángel Pagan,Norma_Medrano@yahoo.com,62,931414890,F,904 Gonzalo Ramal
527,Andrea Delagarza,Sara3@yahoo.com,44,999.461.206,F,58124 Cristián Avenida
6236,Sr. Marta Coronado,Lorenzo.Arias35@yahoo.com,77,979 980 253,F,9004 Adela Barrio
1989,Anni Carbajal,Dbora_Ledesma@gmail.com,67,977.051.707,M,3953 Ana María Poblado
3239,Manuel Jaramillo,Joaqun_Reynoso59@yahoo.com,63,936.647.330,M,2933 Montero Manzana
7594,Sr. Marta Bañuelos,Lilia76@hotmail.com,42,918533021,M,79032 Mercedes Extrarradio
9468,Daniel Pagan,MaraTeresa4@hotmail.com,29,992-560-772,M,241 Alejandro Colonia
4518,Iván Montaño,MaraTeresa76@gmail.com,79,908.522.896,M,51458 Jorge Mercado
7442,Jennifer Leiva,Caridad21@gmail.com,21,983-093-002,F,71000 Mónica Manzana
4145,Rubén Romero,Benjamn.Cabn78@yahoo.com,66,997-450-346,M,30313 Diana Vía
9884,Ana Valdez,MaraLuisa.Santana@hotmail.com,68,985 476 941,F,14073 Elisa Ronda
6446,Marta Heredia,Mnica90@hotmail.com,57,935832387,F,19108 Carrera Subida
49,Andrea Macías,Conchita.Matas@gmail.com,25,925715015,M,791 Julio Ferrocarril
2312,Josep Delapaz,Irene18@yahoo.com,77,953 285 921,F,7323 Antonia Sección
3346,Matilde Casanova,Reina.Herrera45@hotmail.com,64,913-154-186,M,048 Garrido Gran Subida
8393,Josep Tamez,Luisa.Manzanares@gmail.com,58,936-922-587,F,31583 Lilia Puente
5858,Laura Ozuna,Antonia_Serrano58@hotmail.com,60,909 796 064,F,1433 Perales Ronda
2927,Marta Colón,Isabela_Trrez89@hotmail.com,44,997-618-247,M,3731 Loera Pasaje
915,Josep Soliz,JuanCarlos_Palomo@hotmail.com,58,990-742-926,M,487 Graciela Cuesta
2923,Laura Archuleta,Alfredo_Vaca@yahoo.com,51,939 677 740,F,0102 Ramírez Urbanización
636,Josep Delarosa,Homero_Mares77@yahoo.com,26,958.980.853,F,661 Agustín Ronda
3620,Salvador Sedillo IV,Adn63@yahoo.com,55,998 022 972,M,890 Alejandro Terrenos
4006,Jordi Fuentes,Ana24@yahoo.com,60,917 319 758,M,12041 Cristina Bloque
7232,Josep Banda,Ernesto.Quinez@hotmail.com,69,967073737,F,7520 Natalia Plaza
3948,Sta. Roser Peralta,Armando31@hotmail.com,26,939 153 888,F,51400 Acosta Barrio
4292,Sr. Iván Lucero,Gustavo29@gmail.com,65,902.759.158,F,41362 Quintana Colegio
7658,Marta Meza,Magdalena.Solano@hotmail.com,20,998304428,F,7504 Guillermina Aldea
2273,Marta Abreu,MaraEugenia87@gmail.com,47,996.905.686,F,8641 Avilés Mercado
3603,Marta Jáquez,Catalina_Olmos96@yahoo.com,20,908 241 259,F,256 Cristián Avenida
6536,Sr. Anni Cárdenas,Cristina.Alarcn74@yahoo.com,70,992.644.504,F,8656 Alejandro Plaza
2547,Sra. Jennifer Ramírez,Alejandro.Montz@gmail.com,47,904.853.695,M,2336 Brito Muelle
3056,Maica Saldaña,Enrique.Esquibel@hotmail.com,40,997.737.488,F,649 Verónica Gran Subida
4431,Ana Barrios V,Manuel_Ojeda57@gmail.com,56,946819719,M,81393 Mata Calleja
2284,Rubén Delrío,Estela.Prez@gmail.com,40,927-523-339,M,52457 Vigil Paseo
3178,Anni Garibay,Alberto_Centeno97@yahoo.com,20,924564134,M,9200 César Camino
1223,Roser Delgadillo,Rebeca_Oquendo48@yahoo.com,80,964881163,F,047 Rojas Escalinata
5165,Josep Rosas,JosEmilio45@yahoo.com,55,965481709,F,466 Mejía Polígono
2766,Maica González,MaraLuisa23@hotmail.com,64,902-284-886,F,484 Elisa Masía
3174,Sta. Marta Anaya,Elvira92@hotmail.com,32,914274619,F,7086 Zaragoza Caserio
9703,Andrea Ocampo,Eva_Maldonado@gmail.com,20,991902417,F,664 Óscar Apartamento
7966,Sra. Laura Holguín,Luz.Venegas41@gmail.com,21,974083868,M,32756 Benjamín Travesía
1845,Sta. Andrea Delarosa,Esteban60@gmail.com,38,966.836.461,M,982 María José Muelle
7344,Anni Olvera,Ricardo29@hotmail.com,79,958-260-320,M,99435 Alfonso Avenida
526,Sr. Lorena Garica,Rodrigo98@gmail.com,35,921 156 161,F,6856 Ana Luisa Salida
2708,Marta Villa DVM,LuisMiguel.Batista96@yahoo.com,30,913039594,M,78872 Rosado Muelle
6323,Ricardo Rivero,Dolores.Madrid89@gmail.com,75,951 785 540,F,08758 Olivo Colonia
6601,Andrea Garibay,Fernando_Montoya@yahoo.com,75,940-005-373,M,1917 Centeno Ferrocarril
7919,Ángel Concepción MD,Csar.Olivera@gmail.com,23,997-803-869,F,41656 Adán Paseo
9624,Maica Niño,Guillermina_Longoria@gmail.com,58,953.993.336,F,697 Elisa Explanada
1736,Marta Gaytán DDS,Jacobo.Marrero33@gmail.com,22,928-056-688,M,96487 Lara Paseo
2536,Lorena Camarillo,Rodrigo.Sierra@hotmail.com,64,994388199,F,593 Jorge Cuesta
9394,Rubén Méndez,Ramn.Mondragn45@hotmail.com,48,953.246.094,F,156 Mayorga Arrabal
3208,Marta Herrera,Lilia55@hotmail.com,62,968.937.572,F,681 Candelaria Sección
8751,Ricardo de Jesús,Esperanza_Jurado@yahoo.com,59,998 546 235,M,0740 Vela Colonia
3117,Salvador Vélez II,Sancho_Roybal@hotmail.com,73,930 237 121,F,0717 Samuel Monte
3482,Jordi Solís,Eduardo.Toledo41@gmail.com,49,956.856.655,F,1749 Reyna Jardines
9442,Laura Fajardo,Bernardo_Bentez94@yahoo.com,30,912-263-083,F,0386 Marco Antonio Lado
6187,Iván Mora,Mnica49@gmail.com,33,929 115 288,F,094 Concepción Puerta
2375,Sergi Valles,Julio.Nazario48@yahoo.com,20,963-889-949,F,34377 Mayte Lado
4001,Jordi Henríquez,Mnica_Amador10@hotmail.com,78,982162586,M,247 Bustos Rincón
7105,Josep Reynoso,Mercedes_Ramrez57@gmail.com,33,984.485.506,M,319 Ceballos Barrio
808,Josep Valentín,Norma_Arevalo@hotmail.com,56,904-570-000,M,00240 Juan Carlos Parque
6289,Sergi Batista,Juan.Valadez@hotmail.com,60,966.260.762,M,35270 Elisa Manzana
1525,Jorge Carbajal IV,Ariadna_Malave@yahoo.com,39,964-440-878,F,57472 Laureano Subida
8527,Jennifer Argüello,Lorena_Delafuente20@hotmail.com,51,916.478.531,F,749 Zarate Poblado
5686,Ángel Alcántar,JosMara_Trejo@yahoo.com,35,919 797 264,F,9606 Aranda Extrarradio
6995,Iván Zúñiga,Beatriz.Palomino@hotmail.com,31,902-920-667,F,637 Hernán Gran Subida
447,Anni Sandoval,MarcoAntonio.Badillo79@gmail.com,78,947903616,F,20415 Conchita Lado
9409,Sta. Maica Solís,Rebeca.Rosas34@hotmail.com,73,983152284,M,5047 Anguiano Urbanización
3161,Iván Regalado,Gonzalo_Dvila88@yahoo.com,36,973.989.071,F,812 Valladares Subida
7419,Ángel Orosco,Rubn_Anguiano69@hotmail.com,41,905.026.165,F,4667 Fernando Cuesta
3085,Josep Ontiveros,Francisca40@gmail.com,49,970568003,F,40531 Nieves Salida
1318,Marta Gómez,Reina_Vlez19@hotmail.com,29,950 539 609,M,0123 Muñoz Bloque
9393,Ana Amaya,Daniela.Sarabia10@hotmail.com,64,945.496.832,F,2907 Adela Prolongación
9217,Josep Chávez,Pablo_vila@gmail.com,65,961-311-152,M,9047 Claudia Poblado
5589,Jordi Reyes,Miguelngel_Quinez@hotmail.com,47,988498877,F,4017 María Teresa Grupo
924,Sra. Rubén Ceja,Blanca.Crespo@gmail.com,35,965759483,F,11707 Galarza Apartamento
8869,Jennifer Ceja,Francisco_Sedillo74@gmail.com,49,933 118 738,M,626 Aguilar Caserio
3663,Ana Mata PhD,Carlos.Delao31@yahoo.com,53,906-853-103,M,80725 Manuela Grupo
6960,Sta. Marta Abeyta,MaradelCarmen68@hotmail.com,20,937.921.530,F,718 Apodaca Aldea
8764,Jennifer Galarza,Claudio_Carrasquillo@yahoo.com,27,955704756,M,755 Dolores Edificio
1301,Josep Irizarry,Cecilia.Barreto@yahoo.com,19,914-414-218,M,2244 Arturo Calle
3342,Salvador Bañuelos,JosMara_Lpez20@hotmail.com,43,975-636-559,M,03920 Pérez Quinta
7631,Salvador Cervántez,Rodrigo54@gmail.com,34,918.281.442,M,6415 Elsa Caserio
2070,Marta Ybarra,Pablo34@gmail.com,61,939.951.993,M,2881 Estévez Entrada
5256,Matilde Dávila,Adela30@gmail.com,66,909.380.524,M,973 Alemán Colegio
6729,Andrea Lugo,Luca96@hotmail.com,44,970-188-359,F,0316 Carvajal Extrarradio
5526,Carles Lomeli,Armando_Menchaca9@gmail.com,76,921130235,F,73321 Salcido Vía Pública
3578,Manuel Ortiz,Claudia_Meja@hotmail.com,51,989928970,F,69359 Almaráz Prolongación
9690,Daniel Tafoya Sr.,Berta23@gmail.com,33,982-586-409,M,226 Holguín Colonia
9322,Pedro Calderón,Roberto_Ceballos33@gmail.com,66,913 915 139,M,89781 Moya Arrabal
8531,Rubén Cordero,Emilia_Navarrete98@hotmail.com,21,957438361,M,757 Bustos Manzana
6607,Anni Colón,Armando72@gmail.com,41,950911023,M,33465 Luna Quinta
1080,Roser Olivárez,Claudio_Moya@hotmail.com,67,961006173,M,31640 Vergara Conjunto
3634,Jordi Echevarría,Luisa_Pelayo@yahoo.com,19,900 110 263,M,2310 Malave Arroyo
6945,Manuel Ceballos,Agustn.Sierra@yahoo.com,29,955.661.918,M,7916 Casares Poblado
6971,Laura Ulibarri,AnaMara_Padrn@hotmail.com,76,904 245 326,F,63042 Rosa Lugar
2204,Sta. Manuel Aguirre,Rubn95@hotmail.com,79,992803525,M,19382 Cornejo Mercado
5854,Maica Haro IV,Sonia.Ramos@gmail.com,54,911-089-440,F,28799 Yolanda Entrada
450,Anni Cabán,Emilio_Narvez@yahoo.com,80,908603788,F,447 Laura Arrabal
3785,Sra. Manuel Gastélum,Csar_Almonte@yahoo.com,73,926.357.095,F,91456 Alfonso Camino
4590,Daniel Lemus,Gregorio52@hotmail.com,78,978.859.178,F,32698 Delrío Urbanización
842,Miguel Cintrón,Virginia.Elizondo16@gmail.com,54,980-789-809,F,7541 Vargas Mercado
9271,Andrea Palacios,Victoria.Alcntar@hotmail.com,19,904720320,M,48063 Núñez Poblado
7801,Laura Madrid,Luis_Campos@gmail.com,52,922 553 513,F,9904 Perales Arrabal
580,Matilde Pizarro II,Arturo82@yahoo.com,72,980 744 588,M,7985 Caridad Barrio
2198,Jordi Núñez MD,Juan50@hotmail.com,47,974-714-039,F,540 Carolina Parcela
2244,Carles Montoya,Carlota_Terrazas@yahoo.com,80,974 025 668,M,67647 Lorena Huerta
6423,Laura Carbajal,Esteban.Moya@gmail.com,18,948 186 093,M,000 Arturo Rambla
9501,Daniel Candelaria,Mnica_Cisneros90@hotmail.com,28,935719152,M,865 Moya Cuesta
5970,Andrea Delagarza,Pedro97@hotmail.com,49,915.388.909,M,78964 Cordero Arroyo
7988,Salvador Bernal,Luis80@gmail.com,60,908041920,F,6421 Molina Senda
6386,Rubén Partida,Csar80@yahoo.com,36,916 604 439,M,026 Villalobos Cuesta
8540,Ángel Martínez DDS,Florencia16@gmail.com,20,969 720 704,F,101 Soliz Calleja
4249,Lorena Escamilla,Raquel_Gallardo52@gmail.com,68,916 511 918,M,306 Caldera Jardines
3925,Lorena Granados,Alberto78@gmail.com,31,989-695-861,F,653 Pedraza Municipio
9227,Sra. Maica Ponce,Norma_Sosa73@hotmail.com,36,980.033.026,M,64561 Benito Entrada
6283,Salvador Mercado,Cristbal_Daz@hotmail.com,74,947 409 700,M,7698 Ana María Partida
3069,Manuel Zamudio,Cristina.Banda52@gmail.com,54,971.345.755,F,17290 Alva Extrarradio
6227,Roser Argüello,Mario_Mayorga@gmail.com,59,969601613,F,8569 Bermúdez Paseo
5368,Andrea Briseño,Vernica54@hotmail.com,78,942.489.493,M,727 Cedillo Huerta
6019,Jordi Báez,Timoteo.Delgado@hotmail.com,66,918651349,M,696 Ocasio Rambla
3941,Ángel Esparza MD,Luis_Sotelo@gmail.com,51,993820045,M,3659 Barrera Rincón
576,Laura Jáquez,Lilia33@hotmail.com,44,946-405-230,F,4982 Guillermina Lugar
6376,Matilde Montenegro III,Miguelngel.Zamudio@gmail.com,78,960 355 032,F,266 Matías Mercado
6999,Roser Robles,Teresa_Canales@hotmail.com,33,929494948,M,428 Miguel Vía
2684,Sra. Anni Verduzco,Homero.Escamilla60@hotmail.com,52,971 241 112,M,21056 Cristián Subida
5781,Marta Serna,Dbora93@hotmail.com,18,960538288,F,30430 Julio Bloque
5849,Ricardo Hidalgo,Bernardo_Bez94@yahoo.com,68,931676265,M,7233 Sepúlveda Mercado
1378,Josep Menchaca,MaraTeresa.Argello17@yahoo.com,65,902823118,M,9936 Leticia Aldea
8067,Lorena Ontiveros,scar_Gutirrez@hotmail.com,59,902.824.789,M,71444 Gabriel Camino
9989,Salvador Delvalle,JosEmilio0@yahoo.com,43,923-973-377,F,7951 Juan Sección
1631,Iván Nazario,Ernesto49@hotmail.com,59,976 744 915,F,79316 Mario Travesía
4977,Laura Tamez,Lola.Calvillo@yahoo.com,67,928.530.371,F,36742 Francisca Huerta
9002,Laura Gaytán IV,Joaqun_Tello@hotmail.com,52,953444342,M,23473 Rosalia Puente
4436,Iván Ulloa,Bernardo.Quintanilla@gmail.com,80,908 984 423,M,12672 Raquel Aldea
7463,Andrea Reyna III,Diana_Pizarro86@hotmail.com,35,950.986.271,F,801 Mascareñas Calleja
9011,Iván Adorno,Jernimo_Flrez@yahoo.com,66,943 258 002,F,042 Montoya Partida
9058,Laura Serrano,Marcela97@yahoo.com,21,978-089-330,F,6740 Galván Barrio
149,Miguel Quintero,Eloisa.Ybarra60@hotmail.com,63,917.647.297,F,2381 Salinas Urbanización
4439,Josep Armijo Sr.,Horacio_Aranda@gmail.com,68,945-130-415,F,50283 Santiago Senda
5155,Ángel Sandoval,Mario_Corona@hotmail.com,20,940537340,F,663 Daniela Chalet
2157,Maica Perea,MaraJos74@yahoo.com,39,967381987,M,6657 Regalado Urbanización
4465,Andrea Mata,Francisco.Escalante@hotmail.com,75,910544126,M,70305 Leal Rincón
7860,Miguel Alanis,Pedro_Tamayo94@yahoo.com,54,995-432-665,F,8899 Elsa Bloque
8283,Matilde Rodarte,Lorena.Maldonado63@hotmail.com,73,943-669-235,F,6137 Delgado Municipio
8433,Carles Farías,MaradelCarmen.Partida49@yahoo.com,50,999.905.704,M,1343 Cisneros Arroyo
6483,Sra. Matilde Zelaya,AnaLuisa_Carvajal@gmail.com,19,944 133 028,M,8821 Francisca Parcela
6290,Sergi Aguilar,Cecilia_Dvila40@yahoo.com,31,923-359-815,M,3687 Jerónimo Torrente
2899,Laura Cisneros,Mara87@gmail.com,28,926 164 041,F,4129 Valladares Puerta
7135,Lorena Barragán,JorgeLuis_Cerda63@yahoo.com,56,988 470 778,F,90876 Adriana Masía
3537,Sra. Maica Maldonado,Sonia34@hotmail.com,59,902-638-813,M,4632 Paredes Lugar
4698,Laura Aragón,Caridad3@yahoo.com,53,933.989.841,F,67880 Collazo Urbanización
6776,Anni Ybarra,Arturo75@gmail.com,21,927.273.885,M,32716 Sergio Extramuros
234,Jordi Mora,Vernica.Trejo27@yahoo.com,72,994715954,M,1309 María Teresa Rambla
9720,Marta Caraballo,ngela34@yahoo.com,71,956 974 477,M,31842 Daniela Chalet
1420,Maica Melgar,Gonzalo_Saiz35@hotmail.com,33,999-455-115,M,3294 Juan Carlos Gran Subida
1005,Carles Caraballo,Miguelngel.Nazario@hotmail.com,55,946.817.597,F,7800 Isabela Bloque
4163,Manuel Naranjo DDS,Ral9@hotmail.com,72,912 016 594,F,7005 Pabón Rambla
9109,Ricardo Apodaca,Gerardo_Reynoso@gmail.com,39,942 812 414,M,26745 Dolores Rampa
2289,Josep Lozada,Ernesto57@hotmail.com,49,962 238 696,F,48366 Elena Masía
6546,Roser Ceja,Manuela_Villa53@yahoo.com,19,901750906,M,9691 Margarita Lado
4851,Ricardo Delrío,Martn_Paz@yahoo.com,57,959.568.233,M,89151 Joaquín Barrio
1570,Jennifer Gracia,Andrea_Roybal91@hotmail.com,63,980.080.288,M,09575 Víctor Travesía
6126,Rubén Caraballo,MaraTeresa.Jurado30@yahoo.com,54,988-433-552,M,9336 Saiz Senda
1165,Anni Quiróz,Lorena_Berros28@hotmail.com,28,936.156.464,F,431 Anita Bloque
4658,Laura Robles,Clemente_Varela33@yahoo.com,44,993 531 977,M,404 Octavio Bajada
9893,Marta Aguilera,Graciela.Uras1@yahoo.com,18,955.959.440,M,197 Galindo Jardines
2922,Pedro Nieto,Josefina_Ruelas37@gmail.com,26,994233596,M,6224 Solano Terrenos
1675,Carles Zamora,Gerardo_Casares@gmail.com,71,988-520-096,M,64722 Carrera Parque
7655,Jennifer Guardado,MaraJos_Orosco@gmail.com,54,943 722 107,M,4843 Pedroza Vía Pública
8311,Anni Acosta,Manuel.Naranjo48@yahoo.com,79,986-808-136,F,3632 Ramos Urbanización
2737,Miguel Madrigal,Micaela_Candelaria@hotmail.com,67,943 266 587,F,1641 Riojas Sector
2448,Ricardo Serna,Ricardo_Carrasquillo31@gmail.com,57,958 613 891,M,69919 Rodrigo Travesía
5831,Ricardo Mora MD,Estela.Reyes45@yahoo.com,44,992.203.577,F,96731 Montemayor Solar
2377,Andrea Mascareñas,Dorotea_Muoz20@gmail.com,72,939 638 667,M,86579 Gamboa Ferrocarril
6444,Sr. Rubén Almaráz,Sergio_Casares@yahoo.com,54,900-436-436,F,62965 Adela Pasaje
4585,Sr. Jorge Lucio,Pedro_Valentn@gmail.com,29,940.074.176,M,211 Ruelas Manzana
4499,Matilde Candelaria,Claudia_Otero45@hotmail.com,61,982.671.159,M,9859 Juan Carlos Glorieta
5731,Matilde Villegas,Esteban_Arriaga@hotmail.com,80,946.718.156,M,205 Gómez Barranco
3321,Jordi Botello,Maril.Lucero@gmail.com,51,959.936.122,F,891 Amalia Apartamento
4210,Laura Fonseca,Isabel56@gmail.com,32,935-516-074,M,04788 Apodaca Lugar
2267,Salvador Valle,Guadalupe.Vanegas89@yahoo.com,21,973387151,F,25314 Samuel Poblado
4935,Rubén Lucero,Fernando_Benavdez52@gmail.com,72,944 362 638,F,268 Macías Entrada
9836,Manuel Luna,MaraJos12@gmail.com,54,975.395.274,M,6719 Sergio Ferrocarril
9155,Miguel Curiel,Rodrigo_Pia@yahoo.com,25,911-706-742,F,3896 Salcido Rampa
